block,transaction,caller,amountRaw
17254972,0x88eca4513fcf3207ecab92fa0a4c598ac9c02475431b0765eda2309d08215b8b,0xc911ff57fbf6c7231903d5fabc29bb52bab397c4,7500000000000000000000
17256047,0x666c03875ec9fa19d437fa8b501cf10bf828fe35b414656724d2704de2920cc1,0xc911ff57fbf6c7231903d5fabc29bb52bab397c4,10607632000000000000000000
17256193,0x4f8d3dfbd53ee74e517ba27cd2c99812806f41e02fcca85ccfe2d9465ddcb672,0xc911ff57fbf6c7231903d5fabc29bb52bab397c4,3706864000000000000000000
17256601,0xff5de4eedbcaae79b5dbfd79d4ad86cc2886045f5c8a1196aef976cadcbb08f9,0xc911ff57fbf6c7231903d5fabc29bb52bab397c4,14384999900000000000000000
17261518,0x1e8539d6172145391408db973400a4f89d050e01dd0095a52e0e51c276fb4a53,0xc911ff57fbf6c7231903d5fabc29bb52bab397c4,1021969000000000000000000
17261613,0x038fb9f1f839308e53c57ccb48eb31cc4563607e1fef0ff10875b12cce41edff,0xc911ff57fbf6c7231903d5fabc29bb52bab397c4,8872021000000000000000000
17262348,0x706edfd3352c424895a2cde4c09ee7820eb6b4d15a7ec694515e0dbc0c5173bd,0xc29a4c4b5bdaeca8fd07ca76724aac284d053648,1988349631684601696757796
17262641,0x666d91729e94e564057508cd1d9e8205ebff5bb6749e091835a6cddcf623849a,0xc29a4c4b5bdaeca8fd07ca76724aac284d053648,556737896871688475092184
17271756,0x8de1c36a7916821a4c96bcb9c8d34b9e2a3bb0432076bc72929d4a2d6d63a4d5,0xc911ff57fbf6c7231903d5fabc29bb52bab397c4,323684200000000000000000
17312665,0xdd933700c009d41e2ad58306f58fe06baa65b24c539d77fe85440a1e02e7d766,0xd4f8bda4150ed564b07ac6561411d33edf78db15,133660931561200976429001434
17312722,0xd51fcfc5fea71a348bd9a019d682c62ba5f7aa71ed4507f6fcdeb363d09c4d4a,0xd4f8bda4150ed564b07ac6561411d33edf78db15,93780910854946612308281917
17312804,0x59c471a839ec009b182f3e845e59b04b096fe7584c28f92f89fa08dfc7695eaa,0xd4f8bda4150ed564b07ac6561411d33edf78db15,16341749936246730874621645
17313810,0xb5fdc5c5b22461ed430a460baacff5c70141ac75ab34101b132f8031006cb8a4,0xd4f8bda4150ed564b07ac6561411d33edf78db15,2048000120635139747660530
17317554,0x9520ff1904a6551b3a0f01198f0aae19aa8cab544a23c9a14c226cf6070174b9,0xb5df8cf41baa97ca3882a63b340226aef3f8b39a,129069665706529329808054696
17320407,0x1ba09fc9b0aecabe636709390562a0fbd0ecbd9fa6ffdedde423193dd103c076,0xb5df8cf41baa97ca3882a63b340226aef3f8b39a,67283583593712219965004272
17320450,0xdb3b89588f6c34891806536a43dc62241cc7c375638ffe9d94d6f0884a4a282b,0xb5df8cf41baa97ca3882a63b340226aef3f8b39a,16341749936246730874621645
17320463,0x15c83e978635c5ae70e6259ed5e9c26d28a469848617cab046d557cec88bd849,0xb5df8cf41baa97ca3882a63b340226aef3f8b39a,129069665706529329808054696
17322732,0x9460e6a1ca1ab93bac1646b941ea6fe54ffb84751dc3a8d800209ae757181203,0xb5df8cf41baa97ca3882a63b340226aef3f8b39a,129069665706529329808054696
17322743,0xf2ee4656de3ff1229fefd859055d06e80f01dbf8c6bd324f478e96f0f550133d,0xb5df8cf41baa97ca3882a63b340226aef3f8b39a,16341749936246730874621645
17323415,0xbbc833bdcad4b4be2eb66e00504516bcb3a02665de9c33b2f0e86d060508ae52,0xb5df8cf41baa97ca3882a63b340226aef3f8b39a,67283583593712219965004272
17325014,0x561a35c07125b8b680f673c6f805e7dc2a82aec2b2e6f6db55ef301d57a1b2eb,0xb5df8cf41baa97ca3882a63b340226aef3f8b39a,129069665706529329808054696
17325025,0xa1ef852c16cc97bef09f65bec659939c54f6a1ce9ae25e4d81ac04c9f711f1e9,0xb5df8cf41baa97ca3882a63b340226aef3f8b39a,16341749936246730874621645
17326748,0xc7a4de5cfa9107b3569dfa6a3e4fd6e0f4df3d79237c9f11a76d77ab148cbeb9,0xb5df8cf41baa97ca3882a63b340226aef3f8b39a,67283583593712219965004272
17328307,0xba08332715a20f403d991a9b968957649ceb2d07e387d6c7cc76787197d9f4af,0xb5df8cf41baa97ca3882a63b340226aef3f8b39a,129069665706529329808054696
17328319,0xfecef8a745d26d21621c76c7a015c17de1484d341b22c4a8c3b0f8958832b200,0xb5df8cf41baa97ca3882a63b340226aef3f8b39a,16341749936246730874621645
17330356,0x4880a8b59189ec2885daae86934c5c6a74dd1d32271f975f09f526660a10e931,0xb5df8cf41baa97ca3882a63b340226aef3f8b39a,67283583593712219965004272
17331469,0x709d67f99d55cdde9d3d688870a58aa0f3c8bf2f14cbc838ac42b324c20fc82f,0xb5df8cf41baa97ca3882a63b340226aef3f8b39a,16327198665381704088767240
17331504,0x50fd566ca4e38a23db0a5ed910c4afb36e56a15124ed22298c39fef1529fbb42,0xb5df8cf41baa97ca3882a63b340226aef3f8b39a,129036794473489074517828901
17333227,0xfdec74b877936ca84eda00950ddeb15522294297767e0fdc43557bb5d0d8d349,0xb5df8cf41baa97ca3882a63b340226aef3f8b39a,67275831810435046558525985
17335240,0x70a6d356172c6639af47a3df7ce95226af614336cd49195dd9816c9c91690c25,0xb5df8cf41baa97ca3882a63b340226aef3f8b39a,16326896882362517203962236
17335253,0xcb3bc24ecd96ab59406003f49e8fa57d87b2a1b78955c601c9b915a7d4d4ec9b,0xb5df8cf41baa97ca3882a63b340226aef3f8b39a,129035828283034536304012824
17337109,0x57f9da1c06072ee3e2d4217f294e7102d72d4f994a204e52bd070f6e0f8e0f70,0x3f462e883698bf308a0229e292eaaaa53ce2268d,30000000000000000000000
17339616,0xcfced5b8b47bdd8ff6146b30de9552c19f85e5008705d5471b8105a1dcd29f19,0xb5df8cf41baa97ca3882a63b340226aef3f8b39a,129031610270223158775409993
18088750,0x4074d82c07d22f26e1e4720b22ca0908bbc7b22c51f7d1958cbf6bff0ce975d8,0xc6f011f0b2971e4fa34bbac0d6725f912fb41d2a,318426063796023375245017
18269476,0x6359bc07522aa52ff6b8dffabc8d91d4cf0a95aa9f629f17b2f99977b1eaf3f9,0xc911ff57fbf6c7231903d5fabc29bb52bab397c4,120482909664309334948568
18270167,0x0433754205946c222cbc1b12e41b26d160dff3619f63400ce3c6c343635aba57,0xc911ff57fbf6c7231903d5fabc29bb52bab397c4,1159384697944296031394953
18270182,0x66edb1102e40bca015807e329c73f1d01f9c3e8bbc912658224e5f57a000c000,0xc911ff57fbf6c7231903d5fabc29bb52bab397c4,49318359884190174613171
18270533,0x562763f0650217df9e55e09fa77a46364336e8aa68fd297f70e372c52c2b0d4d,0xc911ff57fbf6c7231903d5fabc29bb52bab397c4,941896567931405547580203
18275162,0x9edc8c2f2d83b94ef1bf4169c4e1cc283cdc6b584f639349dbd633c994482b9d,0xc911ff57fbf6c7231903d5fabc29bb52bab397c4,102395277769652816402604
22144702,0x229165bb13c561252efbbd7abec936ca601432537d16827f8a1fe4b92253118b,0xd3a0649e9a8455c3265e4dac1c827180a7c4d94e,575871908181064809750
22162426,0xab749e4e806973a0148b04e97806532d087adbd26f2ce39fb167d0f271661d72,0x10136f6d74c48c4725d1d0ed314fc80ab4759a21,5000000000000000000000
22226431,0xf03b27d60f6b936a0e0331f163dfe6fee3f30525a752df83cbba883282068a56,0x19c1bb001faa97bd0a07ac75719f380787ae4759,1810000000000000000000
22226623,0x709ecb7b838b7dc2c254a7b6f196a9e62b6584db82cd092b23ce272939b353f2,0x19c1bb001faa97bd0a07ac75719f380787ae4759,4372900000000000000000
22227257,0x210da10838314005e80b623ddb9faf01dfc0dcecd09cea3de18f2f31bf0880e0,0x19c1bb001faa97bd0a07ac75719f380787ae4759,1457500000000000000000
22296900,0x17e39d6f1f643664187c77f1c2c0d7ffea999a4079ae5afd9de325413e31003a,0x4eb76ef598a58314af6d5295c0a4d3868236a205,135098070115187896405211
22305703,0xab9b5b47dcc6a70f16c9fca7a1aefa4524feb0ea1996c1ac7244668a322edbb4,0x10136f6d74c48c4725d1d0ed314fc80ab4759a21,359246000000000000000000
22321172,0x8a330e4d486efa04d02e2c7948878c2a0cf9db7fce87809bbd68e2825d0fdbb4,0x4eb76ef598a58314af6d5295c0a4d3868236a205,180679437013791337004655
22423627,0xf7db361f90ab8328bff1f6111ee358b0458937874d6559da2c16c1450f95512e,0x4eb76ef598a58314af6d5295c0a4d3868236a205,629330729546822856993081
22444762,0x193449585abeba0c3dad519cc53bae29ec622ca41d1cf1408ca7383febe0759c,0x4eb76ef598a58314af6d5295c0a4d3868236a205,230700000000000000000
22452676,0xe771b9d3c31963acd23c9cca777a0544366db2bfa9b96d3de95f667b284c1ad6,0xb8698cfffdaaf26ca21fe8aa560c18cc2b2f5996,307931000000000000000000
22452749,0x7c4c4b17bbdc80138fa66bc3dfe5a16381f70421b0bea1bd03827520d086e5bb,0x48fc8b22ae5319786a8e25ef49b1b49942000000,36119000000000000000000
22452759,0xd5aa79c4b46b4f076e829eca4fb0127b38ed778d191e5ddf3146abaf69f6b3a5,0xbad9dff1026e59ea4c39cc3398aa5eb6f6f229ac,36920000000000000000000
22479941,0x384dad77d91343b3ebaece68470ff759740e91b6d18b056c507a1a0ef4fe7e00,0xb8698cfffdaaf26ca21fe8aa560c18cc2b2f5996,20000000000000000000000
22483831,0xacb3782a809a53769de532532236508862147b195fe181d0effd2f4fd4492c3e,0xb8698cfffdaaf26ca21fe8aa560c18cc2b2f5996,387000000000000000000000
22486781,0xc1799acda5fff787cf0c9cfca01362c76fd58df41c54b60df1fb919680b034ab,0xb8698cfffdaaf26ca21fe8aa560c18cc2b2f5996,25500000000000000000000
22489551,0xfb86a65a1c2e14d052bb9ec06d9370044ae3c7fed6d65ea76498421496257c15,0xb8698cfffdaaf26ca21fe8aa560c18cc2b2f5996,13000000000000000000000
22499828,0xf0986d201e4613d92835b2ea22f381f28ee42e8016ac519c249c806514e3c334,0xb8698cfffdaaf26ca21fe8aa560c18cc2b2f5996,28000000000000000000000
22516869,0xefd6fc29d132028087a868b8d472b2398ed9639016942a1522ce9ab908bce516,0xb8698cfffdaaf26ca21fe8aa560c18cc2b2f5996,47500000000000000000000
22528908,0x08e2673e82f07083037a5714ee9e695d79b06e56d2904cd683e7de84726d1124,0xb8698cfffdaaf26ca21fe8aa560c18cc2b2f5996,44700000000000000000000
22529880,0x3d9a2e6524d9efee37d7247cde1ec8231c2039e73149af79117ba6d14eecca92,0xb8698cfffdaaf26ca21fe8aa560c18cc2b2f5996,240000000000000000000000
22533367,0xc1ea4a4eb9da1f3026b672ab49f00647e184835c95ed1fc9b292ebfacb70b897,0xb8698cfffdaaf26ca21fe8aa560c18cc2b2f5996,46000000000000000000000
22534353,0x289cc6b8e316566d35c673bf8780b1be7e001e9e1dc3cce854762f7acfed4a2b,0xb8698cfffdaaf26ca21fe8aa560c18cc2b2f5996,47000000000000000000000
22535043,0x0d987d44a1448bad70f10e00f05a66e87a2a8cf1119263a81562bbc8b5296a46,0x4eb76ef598a58314af6d5295c0a4d3868236a205,425550002918286900606626
22535217,0x3bb11573842e073d039b9002972d1b62c4dacd7ff9d8c75848a383e046b5a33e,0x4eb76ef598a58314af6d5295c0a4d3868236a205,31530368010100000000000
22535223,0x18682d6411238e09d91915f59cc0579f617d9f7aa1d7ad0f0abf3749fa1029bf,0x4eb76ef598a58314af6d5295c0a4d3868236a205,151529049999899999972346
22535892,0x5072b236cf484251c81b82336991f8733ba19ac8f4225f33b7cf7ff874c7911b,0xb8698cfffdaaf26ca21fe8aa560c18cc2b2f5996,14000000000000000000000
22541126,0x322ea1362888493697b3e1fb3fcc1f495492adc5488bd1cb3fef655a164fc4ae,0xb8698cfffdaaf26ca21fe8aa560c18cc2b2f5996,134000000000000000000000
22543296,0x1c481cfa35bf0ba73560bb41684bc9edade04d4f45758fa561f21ca1724ff356,0x4eb76ef598a58314af6d5295c0a4d3868236a205,924728312289405403178447
22548215,0x75fa3c9e359bda1d819b454fb60fb9441aaf2bc1c2d141ef2b4a6157478ae351,0xb8698cfffdaaf26ca21fe8aa560c18cc2b2f5996,137455000000000000000000
22550134,0xacee17aedbbbf86d221b90ea3a5902464439494662e71b4f736f90a5f8526f2c,0xb8698cfffdaaf26ca21fe8aa560c18cc2b2f5996,300000000000000000000000
22555266,0x80a43c3cb5d710e6c9a2f7e68b2476066e12927de1d59608ca3d31158d541a58,0xb8698cfffdaaf26ca21fe8aa560c18cc2b2f5996,12000000000000000000000
22574722,0xae1089f772cd5ef80066a463b048b9d7ab65feab01c4e0483c77074bb776a7ae,0xb8698cfffdaaf26ca21fe8aa560c18cc2b2f5996,21000000000000000000000
22584339,0x4cf132472ef8c3e457653335cea9ed7abb8210c63efe2fb86e3319f67190afa2,0xb8698cfffdaaf26ca21fe8aa560c18cc2b2f5996,23478000000000000000000
22604702,0xae296372a34b33782a911799ec72f8f3034a816e649bd636973fe71e342baf81,0xb8698cfffdaaf26ca21fe8aa560c18cc2b2f5996,38000000000000000000000
22616574,0xc2fe38c8adccce83c259715f9e37705f0a2febb79a81d9d60031972c0fd35c0e,0x4eb76ef598a58314af6d5295c0a4d3868236a205,378502504054298407094759
22617558,0x50f742aa0c8a2b11b8d24444accc0bfcecbe561e69fd131f6b0b4d2084fd277d,0xb8698cfffdaaf26ca21fe8aa560c18cc2b2f5996,17000000000000000000000
22619050,0x04870305638d4d4e183463678ad3a6e038d2f8d1221e35cc9da1bdb309f9247b,0xb8698cfffdaaf26ca21fe8aa560c18cc2b2f5996,1000000000000000000000
22625509,0x20cea672d77dd481f23d75c812b6dc4080ce1ff185730b980bb2b8b013937316,0xb8698cfffdaaf26ca21fe8aa560c18cc2b2f5996,70000000000000000000000
22635367,0x7f0fbd9390444f955c7edf35ba54da92f895f05c5032cb39b1da48fbb7e5acde,0x4eb76ef598a58314af6d5295c0a4d3868236a205,429468517666924979574348
22651882,0xae4e822c1d464f17d1960fa08293170454faac7b5bc213877bf4ff9d88db86ca,0xfa50f97fe5ed19ec0c2f6711e77c0f5eaf9ba90d,400000000000000000000000
22652123,0x066e499761e8850aa2c4cdfd26007be70fac4f3dd4ae9a812897185aba166cb4,0xfa50f97fe5ed19ec0c2f6711e77c0f5eaf9ba90d,71190818117943894339065
22652169,0xeff7f87b0015d24f77195f90d594143d89c663baebf5bb1f29efb3d38da50df5,0x4eb76ef598a58314af6d5295c0a4d3868236a205,87602899544945620063987
22655544,0x95de2d631e0b94eabe4a99febcc9fd0547bf947caee829883e066b1fb3d4b618,0xfa50f97fe5ed19ec0c2f6711e77c0f5eaf9ba90d,1000000000000000000000
22655562,0x9198a7b00b3779e8421747b84a08de9b9e077e9a3ee8ee6f85c19a459f74cc9c,0xfa50f97fe5ed19ec0c2f6711e77c0f5eaf9ba90d,1000000000000000000000
22655567,0xbf7a3a5d21336c1f1e3416b4a3b342d232e4f6967886f1c5bea4451449f9453c,0xfa50f97fe5ed19ec0c2f6711e77c0f5eaf9ba90d,1000000000000000000000
22655581,0xd704f886e8dbfc422fcbc34b99fcc1c8b9219a7baeaff7bc042885e96b1063a4,0xfa50f97fe5ed19ec0c2f6711e77c0f5eaf9ba90d,1000000000000000000000
22655584,0x1d1d4779e6627e23007b97d4498bcbe074d78ce00a2d26529e4588587b8b9fb1,0xfa50f97fe5ed19ec0c2f6711e77c0f5eaf9ba90d,1000000000000000000000
22655590,0xb5f5b72c827c88a2aa14bfedcb0339179a9b3fdea74ea77adaa1b2a313e7d707,0xfa50f97fe5ed19ec0c2f6711e77c0f5eaf9ba90d,1000000000000000000000
22655615,0x7717ce320eb1692d403e39216fd00c0b87ced511ecfc8ea13908539c9fd85dcd,0xfa50f97fe5ed19ec0c2f6711e77c0f5eaf9ba90d,1000000000000000000000
22655625,0xb36368a9c71480ce7106d532cd6678e06799e0f3c6040dc1b27a1fcacaaf7040,0xfa50f97fe5ed19ec0c2f6711e77c0f5eaf9ba90d,1000000000000000000000
22655648,0xf5f997f135fe4877d8a2c5a94b26e37391e33898e3aa3ac4d64bd27193bb1f8b,0xfa50f97fe5ed19ec0c2f6711e77c0f5eaf9ba90d,1000000000000000000000
22656764,0xd4b77900d0c201f92279910f454d35a61d075b646dd3757d414cdbe9678a85c5,0xfa50f97fe5ed19ec0c2f6711e77c0f5eaf9ba90d,1000000000000000000000
22678142,0x414afcb63f1ce2b36defd9389eecbc6ed07cdb53936bf02d61dffaa5169279ec,0xb8698cfffdaaf26ca21fe8aa560c18cc2b2f5996,1200000000000000000000
22678420,0xacb6f28ca47652937678ad38a85dba7c683c7b47138d7b0bb283a75346d412d0,0xf054b8e6b6f7d3c782721213e50671b29525ecf8,1000000000000000000000000
22680155,0xbb123344b23297a475296c4812d209b3fdb39a7d660d32aa4d4676826b0cbb58,0xcfbab55aa2d5005a6f6059da170d7f78cd2810b7,38972400608692760202137
22681643,0x9014d8e5bcadf05bed868678175cf97557e8265d1889f9e79108f2e9984f605b,0x48fc8b22ae5319786a8e25ef49b1b49942000000,800000000000000000000
22681652,0x83711bce346cd5c1b07cec8a09ca2968ba2e30a02f2401538db28462667f3194,0xbad9dff1026e59ea4c39cc3398aa5eb6f6f229ac,1100000000000000000000
22691375,0x9017a41f5b0ee74421efbcad2e7500a20115f2389bc071cf8f53b32e02165b66,0xb8698cfffdaaf26ca21fe8aa560c18cc2b2f5996,37000000000000000000000
22694363,0x64c1b48ed73b92c510e9c46412f58c3c4d82410b20922353c4f3c45e1a0911ad,0x666bc77767b0a529fe5c557c2aa5ce8df2b0af9c,77777000000000000000000
22702548,0x45d89b4110bbb87e176739b136c41bf7554a94e48479ab70d0225f3f37b9a86f,0xb8698cfffdaaf26ca21fe8aa560c18cc2b2f5996,28000000000000000000000
22706281,0xf22bead4b309c3837090170042cf55c94a9b52991a2821f480ceb5359ebd7cc1,0xb8698cfffdaaf26ca21fe8aa560c18cc2b2f5996,31920000000000000000000
22752708,0xfc5644cd79313eb97fbd7eec91fc80b70a1775e09c2236c37d6c9adc5d01461a,0x4eb76ef598a58314af6d5295c0a4d3868236a205,31067581812815459648944
22752769,0x7366d07b36a7780f1ddbe8d0f699f3f243e34694ce39216f1f74f7f88cb1391d,0xb8698cfffdaaf26ca21fe8aa560c18cc2b2f5996,38000000000000000000000
22755004,0x481c0edefa5353c5ca7162b01170b88fdc753d73c5835ffb212626732d9ac599,0xfa50f97fe5ed19ec0c2f6711e77c0f5eaf9ba90d,30000000000000000000000
22755004,0x90fa715ec6ae8f8b197384702d96e12058342a2a823726e2f5ef51b7a0b77555,0xfa50f97fe5ed19ec0c2f6711e77c0f5eaf9ba90d,30000000000000000000000
22755006,0x2256d7cdbfb46ed8cbeb681b4b72012af352ef78690269ef2c28b318f56a1d2f,0xfa50f97fe5ed19ec0c2f6711e77c0f5eaf9ba90d,30000000000000000000000
22755006,0x9e50eaaaa4e99830720e5fd44b85abbb2b82ef455badd535f053aae9f00c4edf,0xfa50f97fe5ed19ec0c2f6711e77c0f5eaf9ba90d,30000000000000000000000
22755104,0x5bb4fd9be4d4679cf60e5e001e9448d171b1e9ade7fc64712bf8d979df245392,0xfa50f97fe5ed19ec0c2f6711e77c0f5eaf9ba90d,30000000000000000000000
22755304,0x70a3a18b1d8ea40c11570766428fbc41fbab503a91c3c2205cf7a04079c1dcb1,0xfa50f97fe5ed19ec0c2f6711e77c0f5eaf9ba90d,30000000000000000000000
22759626,0x739f4ce59ff42f4410b4e9934fa6c8ba9fc626358f83cc2b8b0c321f25bd165c,0x8752282b8dc149bf1ea08bba4473cf52f02f26a2,90000000000000000000000
22760428,0x44136eebf6a1fe0174879aa11e3d470cad7140e322403a9a2aa85737f7a96c50,0x8752282b8dc149bf1ea08bba4473cf52f02f26a2,30000000000000000000000
22763861,0x8db3ff0e50c7c2e8cd10a3adccc39a999994d2128e2d979ef1ed0fadedf53616,0x8752282b8dc149bf1ea08bba4473cf52f02f26a2,90000000000000000000000
22766679,0x72f2f983df4f3982c795c55cc88a5941f88f6ca99132f64e731388aa054ce78c,0x8752282b8dc149bf1ea08bba4473cf52f02f26a2,30000000000000000000000
22774645,0x170002b9c5cf40f3e8a46dc2d761bdfbc88505082f7d374dffc0bde0f0dd9eca,0xb8698cfffdaaf26ca21fe8aa560c18cc2b2f5996,38000000000000000000000
22778456,0x1bc86188ae8447acb83e497b127b575a444999a0756c0a51079d04c38996fe55,0xe21161ea51b5cbfc3a7709580e6663950dd90870,30000000000000000000000
22778628,0xd7faf605167551963cf01cca0d998d35d8e27db3d26fda294461557bf74f6de3,0xe21161ea51b5cbfc3a7709580e6663950dd90870,30000000000000000000000
22778941,0x50a403c6928355623279240e9822361779d02c072fdef01bb9b7fe022b9d47e4,0xe21161ea51b5cbfc3a7709580e6663950dd90870,30000000000000000000000
22780775,0xcb325138b99ab8d74e9bdbd61b2629cd941e0c30d285d43b5be69e6fb53802e3,0xe21161ea51b5cbfc3a7709580e6663950dd90870,30000000000000000000000
22794660,0x455ada226cb13c6d2a41c41a599b1644e14ffee60c1a4f9bcac1d0ecf63c408e,0xe21161ea51b5cbfc3a7709580e6663950dd90870,60000000000000000000000
22800711,0x94b55036de429cbb5aed5c2a508321c4610c66a35d3516ea6d20a25392bdcc44,0xb8698cfffdaaf26ca21fe8aa560c18cc2b2f5996,8900000000000000000000
22805351,0xb2599ce3d3519b350548f719128e961a0b7d9a04ca691309555d130bd329e24d,0xe21161ea51b5cbfc3a7709580e6663950dd90870,30000000000000000000000
22808961,0xca0dee5b1dd75ba1ee130d34281d546af229bf35b515aaf26ff82c766a15def6,0x8752282b8dc149bf1ea08bba4473cf52f02f26a2,1000000000000000000000000
22816973,0xf84d42dfcaa4fe75d687a0acdbaefeb71695b1bd06628e62ebd82a0a3c0de83e,0xa52aa5f012b7d84e93f5be94bb4a5d212e1683ae,36600000000000000000000
22821877,0x2409cbd52f1552d57259dfe1141dd993e3368740d3da4c5c0039512a7020ad9e,0xe21161ea51b5cbfc3a7709580e6663950dd90870,30000000000000000000000
22821959,0x69257b3f22214a7138b09fbc2f2f85a594f42d5003f224971ef59da927de663b,0xe21161ea51b5cbfc3a7709580e6663950dd90870,30000000000000000000000
22826288,0xbc6d68095c89682dd66634b92fe5057d043639b99e2acd8f7cf851bf121bdeae,0xe21161ea51b5cbfc3a7709580e6663950dd90870,30000000000000000000000
22836103,0xd8da496079e9f4c9968087f161edc7fe932b640c4575f61e00cb7f4fee693b75,0xe21161ea51b5cbfc3a7709580e6663950dd90870,50000000000000000000000
22838205,0xbbff9cb2e6ea7c995bd6f8b77869eba4ce7c6f57a705f6f55fc0489eec8d49dc,0x8752282b8dc149bf1ea08bba4473cf52f02f26a2,90000000000000000000000
22838410,0x751be24915e406f07c829af010255c69cdd1f0ec045f8846a5db14796d915e03,0x8752282b8dc149bf1ea08bba4473cf52f02f26a2,30000000000000000000000
22839310,0xd6123c66ddc813e500fd81dd57b8a8ad8e45f74c051ebd49232b53058a67835b,0x8752282b8dc149bf1ea08bba4473cf52f02f26a2,90000000000000000000000
22839648,0x3c952bc9e78bfa30b2109a9566284a782dec9ee0986225ca4908c059a3ebb1c7,0xe21161ea51b5cbfc3a7709580e6663950dd90870,150000000000000000000000
22841904,0xd74877577d3358279bc1c1b36fd3d2df83e791124f6566523ff9c0afb8b98e18,0x8752282b8dc149bf1ea08bba4473cf52f02f26a2,30000000000000000000000
22842748,0x3704bfff23bd8eb8e4b759df8ef27756091680af40f9f6a8c8eccea7301e061d,0xb495175a9cbe39c73490dd04579c931a47c7875b,1210000000000000000000000
22842800,0xd49eb5851c9dc388425fc1e1cc95f98b89b1093df8a3deca15540d7c74d7d515,0xe21161ea51b5cbfc3a7709580e6663950dd90870,30000000000000000000000
22850297,0x84945a0ddf8665f1543453001a6f6fd9e7b55e1b7dc241e5330ce93b8ddbf361,0xf054b8e6b6f7d3c782721213e50671b29525ecf8,2000000000000000000000000
22850887,0x59075a3275ce364dac15b1800d021d271efb148a6c08e21829662a2ad5b9e188,0x8752282b8dc149bf1ea08bba4473cf52f02f26a2,527393770000000000000000
22850946,0xe806ce0595303641756a6660e1e2bfd97c50bb3159d1643c063e1520f7699d67,0x8752282b8dc149bf1ea08bba4473cf52f02f26a2,30000000000000000000000
22854693,0x398409a3480942361fc08f4d961c5e11139a0188f6004a64a8d4cf95837e5957,0x8752282b8dc149bf1ea08bba4473cf52f02f26a2,240000000000000000000000
22855592,0x7e5de688b594e1a05e2126f2828b500bff5a85399d5ab479cf1c4560719d56ba,0x8752282b8dc149bf1ea08bba4473cf52f02f26a2,60000000000000000000000
22856003,0x2b4c3d8f0f0a39146adbccde499d47537a98e386ecfdb8156ae8d1ce4ec63b1c,0x8752282b8dc149bf1ea08bba4473cf52f02f26a2,60000000000000000000000
22856152,0xab66c87a31c5335e50cf3b22ffe1fd49cbbd5ec0bb7166c18a1f24fd76e11c50,0xfa50f97fe5ed19ec0c2f6711e77c0f5eaf9ba90d,30000000000000000000000
22857559,0xa935e32255bfb158644745f62fab82f16dfe125a0a5fc5df55df65d2ac58f4aa,0xe21161ea51b5cbfc3a7709580e6663950dd90870,30000000000000000000000
22858814,0x2fbd14dc590b8a8afd2e4c5a644775203cac717515d54a1612288f3e1abe3b8d,0x8752282b8dc149bf1ea08bba4473cf52f02f26a2,240000000000000000000000
22862206,0x7c2e21fe6ef82de792e6ffa86f7b23bcf0acb1bf73415eac182227010c53f15c,0xe21161ea51b5cbfc3a7709580e6663950dd90870,90000000000000000000000
22863042,0x3cbf461ec551707e6d36a0700a603a5e7dead17fb94722ee8a63cee40e033181,0xb8698cfffdaaf26ca21fe8aa560c18cc2b2f5996,5000000000000000000000
22866835,0x46336d19a050c37051a6e81f5267c6c0a36d7bd642a21f067caf6e27fd5ad576,0xcc4a2f8f83b6c1cb51b82c5fb32616e3278ccd54,30000000000000000000000
22867292,0x2f283b9454881c213cd7ac3cfaa4f610745b8997546b1e841ee1cf98f6e258c8,0xcc4a2f8f83b6c1cb51b82c5fb32616e3278ccd54,30000000000000000000000
22867430,0x0c5c2fb14ddd9c249d89dd45ef1fc934483f965d78ddcad1a4881724dd39fd9a,0x8752282b8dc149bf1ea08bba4473cf52f02f26a2,120000000000000000000000
22868133,0x0fadde778b29484ee8980620d6051b959c8e2c72bc5e565f1c68184b960b62ee,0x8752282b8dc149bf1ea08bba4473cf52f02f26a2,60000000000000000000000
22868366,0x827cd8aa9dec617bc3b45ec6e36d1addec6984ceef0c7a47a1112469483e68df,0x8752282b8dc149bf1ea08bba4473cf52f02f26a2,30000000000000000000000
22868543,0x36529eee5bb348b99ad6ba3ccde0a41bd192ae760e46a4706efa4528b3d1caf1,0xb495175a9cbe39c73490dd04579c931a47c7875b,125000000000000000000000
22868653,0x51c769be18d495d86e0c131042f6af3edcd2f0954c48b178669114160c0fb7c9,0x8752282b8dc149bf1ea08bba4473cf52f02f26a2,30000000000000000000000
22870706,0x6c0aca5abac0b08ab59ae0c9bcc4c4442707fc39bfa07be88e495e777a682741,0xb8698cfffdaaf26ca21fe8aa560c18cc2b2f5996,15000000000000000000000
22871557,0x715c68beeff73935906e7eb9a2613690f9c87e1a9ad597b16f0d98680625437c,0xe21161ea51b5cbfc3a7709580e6663950dd90870,120000000000000000000000
22872238,0xd611c79ef4d3bb2bc4381e28e7759793fc817c46f447bfa72b22d99108a62a68,0xe21161ea51b5cbfc3a7709580e6663950dd90870,60000000000000000000000
22875823,0xfef6fd953c0f3b277ce83cb959627c8a328cd6d51d83a6aeee5e83df63720b08,0x8752282b8dc149bf1ea08bba4473cf52f02f26a2,90000000000000000000000
22876744,0xce7943f0b30376482ca8492d4933e9029004a4db451f869447295fc4c4f14b94,0x8752282b8dc149bf1ea08bba4473cf52f02f26a2,150000000000000000000000
22877649,0x6abe7244b013d11563efcacbb7819921a27b9c4f736725e9f394b3982ee70c04,0xe21161ea51b5cbfc3a7709580e6663950dd90870,60000000000000000000000
22878630,0xee7b282470704fa8c095bae585fc08f741f0579570478f6f58b4a1b2cad6d3ae,0x8752282b8dc149bf1ea08bba4473cf52f02f26a2,120000000000000000000000
22879799,0xbbe67fdd09da5686207a2eaf935f46b0568da4108a9ea7eed63f4fb544f8c277,0x8752282b8dc149bf1ea08bba4473cf52f02f26a2,180000000000000000000000
22880894,0xc5425a3f57ac9961376b2ec269b02b91fc7ef9b9886154de695018f6d8ddf50e,0x8752282b8dc149bf1ea08bba4473cf52f02f26a2,120000000000000000000000
22881149,0xc33a41ab0e4df80de224d99809afbc5b13e2afd1af3747737982455fefdd7068,0x8752282b8dc149bf1ea08bba4473cf52f02f26a2,30000000000000000000000
22881985,0x050ef02ae719ac2d57b78e88c679d3783efbc4d069c491d6dbcf94793272fbf1,0xe21161ea51b5cbfc3a7709580e6663950dd90870,150000000000000000000000
22882633,0x8ce1b41c1e72b79855761114362fb169502e051aef5b184b140a160133a5e8ec,0x8752282b8dc149bf1ea08bba4473cf52f02f26a2,30000000000000000000000
22885197,0xdb46778b8612acf909cc7f4496c9808848ed8036534e1b416085cf61ff6f796f,0x8752282b8dc149bf1ea08bba4473cf52f02f26a2,360000000000000000000000
22886132,0x4a008f26f5c3ada4681ad1be3c18bca2d9a596da7fb6c60a62aa3a958b042786,0x8752282b8dc149bf1ea08bba4473cf52f02f26a2,120000000000000000000000
22886781,0x4b99e640bf8dd67e3a1c709acd317ba1c1da4bd3e0263343eb77ea3b35e64e41,0xe21161ea51b5cbfc3a7709580e6663950dd90870,150000000000000000000000
22886786,0xd3a33d14aa6dfd7995baef30fce97dfac8094717993eeb8064874c2d947ab81d,0x8752282b8dc149bf1ea08bba4473cf52f02f26a2,30000000000000000000000
22894012,0x3158fcc07faa03b003ff109c2b3ec641a545322575e688b3e680eea45be8b81f,0x8752282b8dc149bf1ea08bba4473cf52f02f26a2,60000000000000000000000
22897760,0x43c33a7f1aaa34b0b73619eeba6dd3aa315aaacb08590fac6963865cf4efa15e,0x8752282b8dc149bf1ea08bba4473cf52f02f26a2,90000000000000000000000
22901537,0x399bef4e0a30aef3797be970675f282d62b8d2dc0299136879cc9859411ff123,0x8752282b8dc149bf1ea08bba4473cf52f02f26a2,60000000000000000000000
22906356,0xc9520877279fced297638004686fa6831b3ac0206eb22af331077709a07aa8d1,0x8752282b8dc149bf1ea08bba4473cf52f02f26a2,60000000000000000000000
22906653,0xcb7ef5c0450129ef47b32ab029430eb7eb83edbd4a5365818c1846a98dd40df8,0x8752282b8dc149bf1ea08bba4473cf52f02f26a2,30000000000000000000000
22906715,0x63b4f0423b66de441a557e3b81df23679962279e175bc0d5a62d624745cff128,0xb8698cfffdaaf26ca21fe8aa560c18cc2b2f5996,1000000000000000000000000
22907191,0xd9e4b4f626c42a325fbc0b610aacf598561f1d8f8aed3de3bdc0ad3962b9c7fd,0x8752282b8dc149bf1ea08bba4473cf52f02f26a2,30000000000000000000000
22907222,0x32ffaf1d9594929cee563952038a715a912c093a764b8b9dd0a6440155ba16a8,0x8752282b8dc149bf1ea08bba4473cf52f02f26a2,30000000000000000000000
22907453,0x15286bfc9adbd16ceaef4d44877a624867001676197bbab76d1ad6722cb6a9bb,0x8752282b8dc149bf1ea08bba4473cf52f02f26a2,30000000000000000000000
22916196,0xc74f31611ecea88e562c37e9762b52d6db20d8524f288a51d1f33788ee7e6f57,0xb8698cfffdaaf26ca21fe8aa560c18cc2b2f5996,43000000000000000000000000
22916903,0xb9c7d0effc52e94658369adffdbad7ddcb82ca12d0ff6bd846e55cc40f3442fa,0xf054b8e6b6f7d3c782721213e50671b29525ecf8,20000000000000000000000000
22919232,0x2abc65c38173a0abbee699b0dab267009cab96b65544e03dac76be75e5447557,0xb8698cfffdaaf26ca21fe8aa560c18cc2b2f5996,1000000000000000000000000
22920069,0xfd6fd6aaaa24f8c4e0affd76b658d0b3241bfacbfe460f40d8402e62b1f1760b,0xb8698cfffdaaf26ca21fe8aa560c18cc2b2f5996,1000000000000000000000000
22920446,0xfd28b90ddd0e68eac155d3277a5619572537004350a3139a18eab2d278ac46f4,0xb8698cfffdaaf26ca21fe8aa560c18cc2b2f5996,1000000000000000000000000
22920531,0x3c2e38f32150f022bdfa72eabf78eebf7672b510b572d153c953edb2471d4092,0xb8698cfffdaaf26ca21fe8aa560c18cc2b2f5996,1000000000000000000000000
22920708,0x55fe9f090679f792d9ac1b57e478d454c7e28840aa3913db0140561cb11028b3,0xb8698cfffdaaf26ca21fe8aa560c18cc2b2f5996,5000000000000000000000000
22920756,0xd949abb4be294b73e20e67fd60dc4cc5cc12767e6884189ddbecd7eb53f5d466,0xb8698cfffdaaf26ca21fe8aa560c18cc2b2f5996,45000000000000000000000000
22922356,0xb3f2318ab1284034ace3530fb90e1dc3206d67bae454e0d74b31081b850280e1,0xb8698cfffdaaf26ca21fe8aa560c18cc2b2f5996,1000000000000000000000000
22922540,0xbdb63716b6151ae3fe571a030c25573983b52be3dea6a45353c9daf161c78950,0xb8698cfffdaaf26ca21fe8aa560c18cc2b2f5996,1000000000000000000000000
22923490,0x5c3b89ed36ac9f635944c770ac59058984e0196677edeb84b39de31f3e2446fa,0xb8698cfffdaaf26ca21fe8aa560c18cc2b2f5996,1000000000000000000000000
22923500,0xd54a4bb40b98317da175cf9a566a9b5bc5a5d1dd01fe52d7ff0bd373bc0e5871,0xb8698cfffdaaf26ca21fe8aa560c18cc2b2f5996,3000000000000000000000000
22924164,0x11681f59103e8cfb17896c21f20c325d5969e9082ef88c8fe4ee28c55008e7e0,0xb8698cfffdaaf26ca21fe8aa560c18cc2b2f5996,2000000000000000000000000
22924542,0x32e2861dd17bfbe372c830d30c7b7939b278f3559cf460b62ed1b98f64f2d67d,0xb8698cfffdaaf26ca21fe8aa560c18cc2b2f5996,2000000000000000000000000
22924542,0x33a8957d0dd836a625a449cda44a0fb53d0653a6d518adf03fbc40d11c137dd6,0xb8698cfffdaaf26ca21fe8aa560c18cc2b2f5996,2000000000000000000000000
22926029,0x8093160980866eca7cd7d28056080f90aaee5e94b469de7f8e315cfd03a73760,0xb8698cfffdaaf26ca21fe8aa560c18cc2b2f5996,2000000000000000000000000
22926131,0xd8762a73e3c349ecef1394f2c46fa0e820f0fc7da57c89a29208e145f8c58175,0xb8698cfffdaaf26ca21fe8aa560c18cc2b2f5996,10000000000000000000000000
22927304,0xa8bf090bf1055efb1cdcaab693367c353bee476952b90f8367322de1dd45dec4,0x587790d65e70672c0c9d2b6d0a1766c2880871de,2469298279660721556082
22928930,0xf7d1a4ac6f893c0ac15c8a0cd84a1edecf3a7cdc38485c47c05f7c13ed6f8639,0xb8698cfffdaaf26ca21fe8aa560c18cc2b2f5996,1000000000000000000000000
22932456,0x546d6b181b49d15a92c3f474057b891c49ea3dedb7827ea30a3280e84030d2c0,0xb8698cfffdaaf26ca21fe8aa560c18cc2b2f5996,1000000000000000000000000
22933352,0x0609077d182d4341cf7a21e9248131d69825249acf070d3a32309a7b68cd61aa,0xb8698cfffdaaf26ca21fe8aa560c18cc2b2f5996,5000000000000000000000000
22933475,0x4789832c6f6dde926c6b96400ddd289a67e25b9c352f8a3d944372ba8fc906d1,0xb8698cfffdaaf26ca21fe8aa560c18cc2b2f5996,50000000000000000000000000
22936357,0x8b73943053c2fd4d252563a87950874cedb4caca833540f72703685d4c2c8130,0x53a581d60219d0ff382b3ce3c97a0439ea97fbd1,50000000000000000000000000
22937561,0xaf9988c073db5a48036ae29437d2c0e8ecc39916eff4b9bd587f16f7e202ce6f,0xb8698cfffdaaf26ca21fe8aa560c18cc2b2f5996,10000000000000000000000000
22938327,0x6fad9edfc49ff766b8fecb1c8fb764403446da18ad841693fa0988e0b599fce8,0x53a581d60219d0ff382b3ce3c97a0439ea97fbd1,10000000000000000000000000
22938752,0xb1c493fc781cd8f5ac64cbdfea1e978e9f11b47b13a3ed77ddbb2dc7b33323b9,0x53a581d60219d0ff382b3ce3c97a0439ea97fbd1,10000000000000000000000000
22941017,0xdcd44fb50d42a42162605a549f2dbd16e1713cc362420c7544255e5ae56113e4,0x53a581d60219d0ff382b3ce3c97a0439ea97fbd1,10000000000000000000000000
22941416,0x81524e8f05078ff3124474425c47c4c5f83c3e253e6d0f5b368e3cdd1f41bc8a,0x53a581d60219d0ff382b3ce3c97a0439ea97fbd1,27000000000000000000000000
22943131,0xb421fa34e1af7916d9c4fb34f9d561146b445cd229582e200144d3f30f95553d,0x53a581d60219d0ff382b3ce3c97a0439ea97fbd1,18000000000000000000000000
22944463,0x9134d3dbe4aef69c30ee5832cc9000ce391f784a86434a893a7a7f478d51fabd,0x53a581d60219d0ff382b3ce3c97a0439ea97fbd1,14000000000000000000000000
22944707,0x1476bc1c64bb789671f97d7faa5bfeea58b9a7f5f50c311e3f15e5ed5c781e0e,0xb8698cfffdaaf26ca21fe8aa560c18cc2b2f5996,600000000000000000000000
22945829,0x12fdbda2d72fbf53ad788a8268a6af9c23116e21e92faf67d81d9e7047d853e2,0x53a581d60219d0ff382b3ce3c97a0439ea97fbd1,400000000000000000000000
22945829,0x5db7cb60690aa6c49ff8ecf6be3365f3704d00ae76b4c3aa2a7f30659a989155,0x53a581d60219d0ff382b3ce3c97a0439ea97fbd1,3600000000000000000000000
22946086,0x147d0f22da89d7fc7672d5db7f8002b2b38244b4572c4eb66780d78d9ea0bbab,0x53a581d60219d0ff382b3ce3c97a0439ea97fbd1,4000000000000000000000000
22952250,0x9c180cfa98586eaefc4615ef2934dc66a97447f51fd1911eb453edac4848875e,0x53a581d60219d0ff382b3ce3c97a0439ea97fbd1,39000000000000000000000000
22956785,0x4eeab6d3696f8d15422f600b900b046e96229a15b10c79a50920e5aaa09052f5,0x53a581d60219d0ff382b3ce3c97a0439ea97fbd1,5000000000000000000000000
22957363,0x6bbb5ab5e5465c3f18c4488d5d5ee1e5ecd8875d3d169aa54bf3673314705431,0x4eb76ef598a58314af6d5295c0a4d3868236a205,157216484835105152323400
22958692,0x617d9038919df78748dccca32cf9b2dbf6b5987501a94f4ae2c31675efd739c9,0x53a581d60219d0ff382b3ce3c97a0439ea97fbd1,5000000000000000000000000
22959925,0x690827453286f6ade184e80db235d9c3f92d2d331274d6ad59447a224d45a720,0x53a581d60219d0ff382b3ce3c97a0439ea97fbd1,10000000000000000000000000
22965027,0x7bacc7c02d7e9f4187ab01f6b582677a8f2c5e4e54b73110ec2976eed276d0d0,0x8752282b8dc149bf1ea08bba4473cf52f02f26a2,650000000000000000000000
22965310,0x15e7a93a59e3c006438bedda1fdce18c4f2e099bf6bf97d1213b5cec188f7bac,0x8752282b8dc149bf1ea08bba4473cf52f02f26a2,1524799000000000000000000
22965350,0x8414c435d5faf04801b8b443313701d1131935f4ac52f86e0e1641e02523db8e,0x8752282b8dc149bf1ea08bba4473cf52f02f26a2,152479900000000000000000
22965545,0x730cd7dbd270273e608720442e54479e2b0350665e8a20641ef0e8cb3ae193f5,0xfa50f97fe5ed19ec0c2f6711e77c0f5eaf9ba90d,650000000000000000000000
22965553,0xd77aa7422302cfa0b4cd67dcb4de5703a31b4e71fc1cfd80a551ec00da5476d1,0x8752282b8dc149bf1ea08bba4473cf52f02f26a2,650000000000000000000000
22965870,0x86d6ff2e089b0911c25c1f5499a3c29f89ca687e22a85212c875f42272988d95,0x8752282b8dc149bf1ea08bba4473cf52f02f26a2,341784000000000000000000
22965899,0xca50ceb54eb840ffe4d680d9be62afefbeb13cafbd48fb617f0ff58293c12709,0x53a581d60219d0ff382b3ce3c97a0439ea97fbd1,10000000000000000000000000
22966047,0x60acacb7bd1b0e3b3e9a680c4bf2d3dd2fb8809f4ac8563836dcf6ad1a3092d0,0x18f621662d6a1f23700ea32d146b32195dc33111,0
22966306,0x57130f9a0561528c423c777913ab07c6da3397bda8f233d70661259a77ff44ba,0x53a581d60219d0ff382b3ce3c97a0439ea97fbd1,10000000000000000000000000
22966369,0x79c364d95c243694c89cfbedadb808592c3d806dd258d4f9d7b2e9506c4c00d2,0x297f0ae665538696db004f632c23d48e0a23acbf,369000000000000000000
22967463,0xf2f21572c397b2eddac79b54d0abd6c47aa3f8ba8608c2bb4b4dd326fce801cf,0x53a581d60219d0ff382b3ce3c97a0439ea97fbd1,10000000000000000000000000
22967948,0x5bd4108aac917fb8a2d8099133a0e3ab619f7996d9f0ffa410b4efbefc3c624d,0x53a581d60219d0ff382b3ce3c97a0439ea97fbd1,10000000000000000000000000
22967982,0xf3279d81d96ac8e74e1bdffdd78fb3fb18a3ba2ec3ad9d1635c1b974dd2b1818,0x53a581d60219d0ff382b3ce3c97a0439ea97fbd1,10000000000000000000000000
22968206,0xbcb1ea4b2f7d5b215baffbd5535e396fdecab0502b6be239862168b18f593c91,0x53a581d60219d0ff382b3ce3c97a0439ea97fbd1,10000000000000000000000000
22968270,0xe045329e865ff79571ab9eff065f63c4e69e6714862d2716326964e481481ef0,0x53a581d60219d0ff382b3ce3c97a0439ea97fbd1,10000000000000000000000000
22968615,0x9f937a1e76d7f2de2368b4abaab98f95672e42177ddef7c885f8fc7bcb51392f,0x53a581d60219d0ff382b3ce3c97a0439ea97fbd1,10000000000000000000000000
22968725,0x1d1e57bdd248436f6d5b103482d131614d91d0f04760cd6017f3a40a3d61697a,0x53a581d60219d0ff382b3ce3c97a0439ea97fbd1,10000000000000000000000000
22968814,0xb3e4d576fbdf81dbb93483abb36c69bdfd1990a6bd689f2db306cb116bfe26fb,0xe49c21b809c6122d662a6ffe0db02548a53fb224,1000000000000000000000
22970862,0x604dc1447db879df940c709200c58ecc93c3e0a872225d86239628a2e1403e03,0x53a581d60219d0ff382b3ce3c97a0439ea97fbd1,10000000000000000000000000
22971847,0xe89cc16cfb536b7e597d4d3e4fccb243e107aff1514e76571a93ec8dedddbf89,0x592139a3f8cf019f628a152fc1262b8aef5b7199,1000000000000000000000
22974038,0x5d0ad3366686b8300395f962d5fd5040a07de4462155f50d60c44e26a2e55110,0xfa50f97fe5ed19ec0c2f6711e77c0f5eaf9ba90d,150000000000000000000000
22977669,0x4c7685b007f8eb093f1bddc6eded2ad630ada8746cdf4c3bbf5700dee7788cb6,0x53a581d60219d0ff382b3ce3c97a0439ea97fbd1,10000000000000000000000000
22980005,0xa314e26860213e0850ddedecc94848f4f1772aabb5d4ac7e35a6ea4ca4d7ae78,0x53a581d60219d0ff382b3ce3c97a0439ea97fbd1,10000000000000000000000000
22980043,0xdb47c7986061346f8cae6ca90f6275831098fa2c88adec354b81f580ab9576f3,0x53a581d60219d0ff382b3ce3c97a0439ea97fbd1,10000000000000000000000000
22981044,0x2e8f04b1f3c0113af3da7d63eaf7431f82a3d40eb3ec378c7762e1f50b5cf629,0x53a581d60219d0ff382b3ce3c97a0439ea97fbd1,2000000000000000000000000
22981227,0x203102a25e18d291398a3e1542c0166b4dc85125deda0b534cb7c2d7faa76996,0x53a581d60219d0ff382b3ce3c97a0439ea97fbd1,10000000000000000000000000
22981285,0x76875024e6622990b2d75feb80f66cd022c1819c6a237a348c12ac190383fb0f,0x53a581d60219d0ff382b3ce3c97a0439ea97fbd1,10000000000000000000000000
22981323,0x9fe09ff6695905474cf9e5727697c206c915fea2c768fe838b89bb23325b95b4,0x53a581d60219d0ff382b3ce3c97a0439ea97fbd1,10000000000000000000000000
22981384,0x37b36461ea1c843a64e04ad0132ecd88e994f9198cef2d440e37ee88c0641b0e,0x53a581d60219d0ff382b3ce3c97a0439ea97fbd1,10000000000000000000000000
22981438,0x70460420f83b7ef3dae11c5e127a83bc5cb9d012ea8e9c37edce32019ba2e572,0x53a581d60219d0ff382b3ce3c97a0439ea97fbd1,10000000000000000000000000
22981492,0x9d72a71c0774bc258b02fbbdc083f162effcc908ee9a6f41b3704e426ee82107,0x53a581d60219d0ff382b3ce3c97a0439ea97fbd1,10000000000000000000000000
22981501,0xbce075192e365e3544783b80e4904a566d7d9462edee0724e62464bbc56f1859,0x53a581d60219d0ff382b3ce3c97a0439ea97fbd1,10000000000000000000000000
22988220,0x05031074b98194fe0b9241175a36924f4513ce495008b862ae66bd658c774a6b,0xb51d6873ea4e99dc060303e0de66fe2bb82a0530,1000000000000000000000000
22988240,0x98c20a9dec1f2898164da649867f0b2a4b36fa245ca22cc8dc5cec1f63c3a0fc,0xb51d6873ea4e99dc060303e0de66fe2bb82a0530,1000000000000000000000000
22988240,0xf6b41e66fc4ec836409a86bccf8dcbac20016b361126c1a8e3c4b9884548000f,0xb51d6873ea4e99dc060303e0de66fe2bb82a0530,1000000000000000000000000
22989061,0xb552e1939bec7843d4eb9ae3284df0594a53848fbd5ef576f9d6a09c168937df,0x592139a3f8cf019f628a152fc1262b8aef5b7199,1000000000000000000000
22989920,0xda09b5e683c039926894f717694a50709fe15e773082a2ea15b363fb2bd3a935,0xb51d6873ea4e99dc060303e0de66fe2bb82a0530,1000000000000000000000000
22989958,0x942202f839e929f610cdb32b15b52769904a071508300a21960c8e77e42ca4bb,0xb51d6873ea4e99dc060303e0de66fe2bb82a0530,1000000000000000000000000
22990000,0x1167bbb354042cf782f00dbdbee58ccbbb419cc2613c78668b623f8f913cfaf0,0xb51d6873ea4e99dc060303e0de66fe2bb82a0530,1000000000000000000000000
22990024,0xc62a0d08b6345bea9101c7595e771d3f021342ef829272d11452c403e2f59295,0xb51d6873ea4e99dc060303e0de66fe2bb82a0530,1000000000000000000000000
22990116,0x2f5f2949b639f68fcb4c41c9ad3e1f4058afef86a0b3bda914ae97b50c822345,0xb51d6873ea4e99dc060303e0de66fe2bb82a0530,1000000000000000000000000
22990180,0x6036d7547516c6b420e9cdd7a4f31437983bc429562ede8bdb6cfbbccc6a59b0,0xb51d6873ea4e99dc060303e0de66fe2bb82a0530,1000000000000000000000000
22990216,0x9f395b42889e03051db127310ec11d9534807f42af5bd7c5f56a528a31fc4d59,0xb51d6873ea4e99dc060303e0de66fe2bb82a0530,1000000000000000000000000
22990238,0xc04d29a6c9592afd286e3a24b8bba593dbb0fa39f71d4138cf5d35fd90e26042,0xb51d6873ea4e99dc060303e0de66fe2bb82a0530,1000000000000000000000000
22990284,0x1ed8e5cfcd498c05fd299904d24af5341c47f36e40e00d4a2a8ad324b9d56bab,0xb51d6873ea4e99dc060303e0de66fe2bb82a0530,1000000000000000000000000
22990354,0xa9afebf16c3bc56c48770543d58b3b41892ea25fdef131b6a6d76422d53efdaa,0xb51d6873ea4e99dc060303e0de66fe2bb82a0530,1000000000000000000000000
22990453,0xaa66c4ade65041c3edd63be4a03c4ab586f3321af83741ecc7baa9c3b806757c,0xb51d6873ea4e99dc060303e0de66fe2bb82a0530,1000000000000000000000000
22990510,0xe8b9ffd763c85d7a5b4eafbe17d2402e6a6a8e7768167ca4ef39ce04f12acc2d,0xb51d6873ea4e99dc060303e0de66fe2bb82a0530,1000000000000000000000000
22990515,0x08da5f358d51e49784de5b94acee343532c8feec98c85435fe6b3fcf60c78700,0xb51d6873ea4e99dc060303e0de66fe2bb82a0530,1000000000000000000000000
22990557,0x0288055242e64b066aaca421f35d6356ce4ce5da0e91a2000ef6d3676f5f005e,0xb51d6873ea4e99dc060303e0de66fe2bb82a0530,1000000000000000000000000
22990557,0xdbfc355dbcabb9354a4f6bf416bc297de2ef252219be135c32ceccce73558fe6,0xb51d6873ea4e99dc060303e0de66fe2bb82a0530,1000000000000000000000000
22990557,0x2ebfb30cc6a7f85fbcdd55c9f22579f2125da31ce72268a5ea7197130187eab1,0xb51d6873ea4e99dc060303e0de66fe2bb82a0530,1000000000000000000000000
22990557,0x50f2f3794651a0916b3df31655cce0c60d45be4a4e36218919af9bda33470669,0xb51d6873ea4e99dc060303e0de66fe2bb82a0530,1000000000000000000000000
22990669,0xb01c66c4f6abbf26d2f8384daf61d5a22931ec1082c91e751c8448aab1e5235e,0x18f621662d6a1f23700ea32d146b32195dc33111,10000000000000000000000
22990697,0x901c1f9d2108764202ec3609b286c80b0247906df44c33588fb17be13ae85ec4,0x18f621662d6a1f23700ea32d146b32195dc33111,4000000000000000000000
22991208,0x0c2dc47fca5d5e089779aae296ed7ea7452a6660f48fa37d4b0d255b0d902675,0x18f621662d6a1f23700ea32d146b32195dc33111,1800000000000000000000
22993686,0x37cc35b93469bcc42293f6825e80020985833f9a528e4e953deff5cad1e17abe,0x18f621662d6a1f23700ea32d146b32195dc33111,49000000000000000000
22994746,0x91ee5e16ccfc20f5de9e7a16a9c2ea8febe92393020185b3d98d91fe29c70b34,0xb51d6873ea4e99dc060303e0de66fe2bb82a0530,2000000000000000000000000
22995446,0x8ad47f54d5c52e5b2f835966b20676f709c1fdd94a25441f7402d074dc8bcd19,0xb51d6873ea4e99dc060303e0de66fe2bb82a0530,1000000000000000000000000
22995516,0x3ad6a3c7eaf8e4dcd544f8e54ed67e7156b85416e1fac702db9341d2a05a7a1f,0xb51d6873ea4e99dc060303e0de66fe2bb82a0530,1000000000000000000000000
22995605,0x0afe905bec7c29b691264b09e187231622b81c570525b582fd8a05226eb38822,0xb51d6873ea4e99dc060303e0de66fe2bb82a0530,1000000000000000000000000
22996191,0x856944038f7310a36c1fe2a084a1f9bbd36bd095613dd0c73f1bbc4c7ad7ea3d,0x53a581d60219d0ff382b3ce3c97a0439ea97fbd1,10000000000000000000000000
22996280,0x2169277dd41203812b37c4a7d62f09b38fa2d4aeca2c35c1056eba2cd47a61eb,0x37de86e4f1fc419553a2d71ebcade01cc2d55216,30381200000000000000000
22996420,0xe47400fdfa990220148ae1f573c1fb2bc9a907561ddf86b668171a753db86115,0x53a581d60219d0ff382b3ce3c97a0439ea97fbd1,10000000000000000000000000
22998325,0x38d7f957f1599e8b8eec5934881158906adbe2ae8fd6fffe43272449b7867da0,0x53a581d60219d0ff382b3ce3c97a0439ea97fbd1,10000000000000000000000000
22998442,0x0b3bd0da40e957c20e30264ae97a7fdcd3d2074768429f0eb51cf515c8398b79,0x53a581d60219d0ff382b3ce3c97a0439ea97fbd1,10000000000000000000000000
22998711,0xa127ce7e5aaf17694bb571d6f387933cba755c6eef72df1e8718eb22b2be6421,0x53a581d60219d0ff382b3ce3c97a0439ea97fbd1,10000000000000000000000000
22998911,0xa92a840f3d225f295740b6c350f1020c850a81a47e6b3c31a42385b059ea6021,0x6ade46e0c22a280bc27570e02790781c653e2e39,101000000000000000000
22999073,0x19b4dceb508c4c04f53750b8dd95527f7c2d7bd22e31d3b66b6e82b8ffe72a82,0x53a581d60219d0ff382b3ce3c97a0439ea97fbd1,10000000000000000000000000
22999148,0xda6edaa18cf2e60e021ae9a1c9fba48e5404102794bb791292c36c99564cdb57,0x122e289f0b9cddf01599c7799e7b453ed175e594,123000000000000000000
22999395,0xa4ed68a49ad9890d31b13f22fc0cfa43e75e769287fc798ac716fb9161beb10a,0xeed80539c314db19360188a66cccaf9cac887b22,0
23000438,0xb50d49906575dedc267cbffbbf2d6951fd93974c9d4ec193c4fd637d913bb54e,0xf054b8e6b6f7d3c782721213e50671b29525ecf8,25000000000000000000000000
23000447,0xfe6afcf6744299d1565cb31402df09bf584c85b30fb2cc5fd7569513c99afb65,0xf054b8e6b6f7d3c782721213e50671b29525ecf8,25000000000000000000000000
23000453,0xa01c978076445564fe99a20abab958ecf6a99a75d1fb13c7f9dc4971515c18d5,0xf054b8e6b6f7d3c782721213e50671b29525ecf8,25000000000000000000000000
23000462,0xf7262386baf6fd752b7ee046342890d3406ef7a410a743b2bdbe7596596ca7fe,0xf054b8e6b6f7d3c782721213e50671b29525ecf8,25000000000000000000000000
23000472,0x60e134c1fc705bcfb03ddd952d83edec11197fd2a829eb5fcd46582b8cd51ea1,0xf054b8e6b6f7d3c782721213e50671b29525ecf8,25000000000000000000000000
23000525,0xf03a291b7ce560de398282789581ba387e4905dad61e21ad58d62bb0c8d74703,0xf054b8e6b6f7d3c782721213e50671b29525ecf8,25000000000000000000000000
23000528,0x21357a77871d7daa52a67e9e251fe52fb4d12f49f7512ee69d6ee21946798549,0xf054b8e6b6f7d3c782721213e50671b29525ecf8,25000000000000000000000000
23000590,0x32008f0c0b5e47a9586f01c05226896140c7965b0d09ff0e61842e8b5455afad,0xf9b9981e9c024a89053344324bf5af13e1a8005b,1000000000000000000000
23000607,0x9069e7db222e61c4a9bb0d2047b84c72b6b1d3cbff98713d3a984816392d617e,0x53a581d60219d0ff382b3ce3c97a0439ea97fbd1,10000000000000000000000000
23000754,0xc264cc983e9977525f39851530779568f662af4fd9affdf3b19edb1c48fb46ee,0x53a581d60219d0ff382b3ce3c97a0439ea97fbd1,10000000000000000000000000
23000896,0xd4ada79659c212d60f9a655b59f9d29ddb2177f808292f14b9fbcb9bbbd508a9,0x53a581d60219d0ff382b3ce3c97a0439ea97fbd1,10000000000000000000000000
23000969,0x95e1e2a6970732d5289f345cf065e08443b97fa7b8e313fcf99d025aaed116ce,0x53a581d60219d0ff382b3ce3c97a0439ea97fbd1,10000000000000000000000000
23001154,0x77803541407256bd3e4bc15ba49a644903b3fb865b2850eb9b8b79025b2ac89c,0x8752282b8dc149bf1ea08bba4473cf52f02f26a2,2000000000000000000000000
23001239,0x10d6bef1597bc4cd106d7c23af1af663e77cf45bbbb0d8a6fd3b45b462db1313,0x8752282b8dc149bf1ea08bba4473cf52f02f26a2,2000000000000000000000000
23001310,0xab247b3a6f77a1ce108e46af17b07263cb6de5ae4cff91bf84876e866b7d0596,0x8752282b8dc149bf1ea08bba4473cf52f02f26a2,2000000000000000000000000
23001357,0xd278856634483d5622af1e08eae706b7b8fb09a9dcbd6abe903afc86bb237df1,0x8752282b8dc149bf1ea08bba4473cf52f02f26a2,2000000000000000000000000
23001543,0x737f7acf4f87521353450a58b9d2f072aa5f89b0a7a0a11b2671f7096c6a9070,0x8752282b8dc149bf1ea08bba4473cf52f02f26a2,1000000000000000000000000
23001596,0x88322a512778831e33b46c553f515d8ed92734ccfbf4d80bc7dc3e6cae0b9d81,0x8752282b8dc149bf1ea08bba4473cf52f02f26a2,1000000000000000000000000
23003154,0xba1952474914791ec170c90230364e98086983f14e427877999a445a6eba7702,0x53a581d60219d0ff382b3ce3c97a0439ea97fbd1,10000000000000000000000000
23003193,0x5a60713c43873e774d8d22a4741c2a1738fcb882d8e640e2fb628e0cfec831be,0x53a581d60219d0ff382b3ce3c97a0439ea97fbd1,10000000000000000000000000
23003227,0x00a7dc0db8f718cd25deb428ca78dbdfde433c63e3faf376b22224b26825e013,0x53a581d60219d0ff382b3ce3c97a0439ea97fbd1,10000000000000000000000000
23003270,0x66dc836950f6dfbe4f7b47d2bf4f9f11ca4e8de3e1e3eed1d1fc28132dffd2e5,0x53a581d60219d0ff382b3ce3c97a0439ea97fbd1,10000000000000000000000000
23003308,0xfb9c05fe6039a6d2309a9c8142c2aee9000214c8dd762befd6dc3032b618e636,0x53a581d60219d0ff382b3ce3c97a0439ea97fbd1,10000000000000000000000000
23003340,0x58e0f6891545ccc9bac6035dcc198efd395c7a318c94327c5e7c80e6602fd985,0x53a581d60219d0ff382b3ce3c97a0439ea97fbd1,1000000000000000000000000
23005989,0xa356f7856ddbf0969a87e1f56d26410211b05cf7228d787692c671a34562e61d,0xc6cd2a1fade4f3cf4c9ca6ed3910c64a36496f1b,1000000000000000000
23006031,0x11269c4953ed9ff589dfbe40764796b29e37ab814556fe021d288b2233753e3e,0xc6cd2a1fade4f3cf4c9ca6ed3910c64a36496f1b,99000000000000000000
23008424,0xee04edcbcbeaa209bd3ba53a81493042c56b81aa5cbbff322449fcc8e669d61c,0x18f621662d6a1f23700ea32d146b32195dc33111,660000000000000000000
23012202,0x4bd21f8f1ea126e633056258750efe64831d7aa639ec9c0697c4b5dba51c6d8e,0x18f621662d6a1f23700ea32d146b32195dc33111,30000000000000000
23012256,0x18abae2e4f98c8e229d50b944354fb0b4f2ed16c0a7b3ae9f1ce15438a361d10,0x18f621662d6a1f23700ea32d146b32195dc33111,60000000000000000
23012287,0x84cab682c784f5caa0707bcf9e5a51cfb88032990be802650dc6742b061152a1,0x18f621662d6a1f23700ea32d146b32195dc33111,60000000000000000
23012314,0x4bbb6b66d4de41692eaaf4634cec4b9567841d9b548047be11659f5500f49b5a,0x18f621662d6a1f23700ea32d146b32195dc33111,2000000000000000
23012350,0xe86eec9413e216d7fb131dec99a317f0c9ced02b444ef28cf29dd741d2d978d0,0x53a581d60219d0ff382b3ce3c97a0439ea97fbd1,1000000000000000000000000
23012367,0x1a625444cbc16461551ef08cd6f29c55c7d3c7a4318594c7727e3c2937d99c2f,0x53a581d60219d0ff382b3ce3c97a0439ea97fbd1,9000000000000000000000000
23012506,0x2c3f509f152292ff016ddb2c0ab3867995fe6f32dea2c169382a16268fd78bbd,0x53a581d60219d0ff382b3ce3c97a0439ea97fbd1,9000000000000000000000000
23012518,0x4bd3faaf61dd6c547e1ad77a07649797c421868f46e12bd2f1a0b475196abf36,0x18f621662d6a1f23700ea32d146b32195dc33111,6000000000000000
23014985,0x2ab8b9efc5c93ed4a6439f0d0dcb18d58084c244a9ba35fbce16b96fe2f07691,0x18f621662d6a1f23700ea32d146b32195dc33111,1000000000000000
23016658,0x7efecb6aa64d4ff3e1d718614ce5ca2feee72f7c18232ce23fcc8a6a25eb36ad,0xa025371822fbd956576235b1a89b0ab4a7fb4e99,1000000000000000000
23020425,0xb7a5845041d5ce366e1f1c2573e341a0a15e80b86a04fed3f989f0be7668ce53,0x18f621662d6a1f23700ea32d146b32195dc33111,52000000000000000000000
23024471,0x01e8dfd33418488416d7c1d129967913192563e1bf7319807205922e8e81b1a8,0x18f621662d6a1f23700ea32d146b32195dc33111,60000000000000000000000
23024477,0xc44f8eab3a7f83c2c5f2fde616d9320ab3e8f96535b3e161be8c1bf185ed6d72,0x18f621662d6a1f23700ea32d146b32195dc33111,6000000000000000000000
23032822,0xa1dd81c95f052e136f48b997d34641d3fab43e5dfbe63eb9d5a83b9c0bea2deb,0xc108f4fce4c4d26159ad5d393bb8718e16374df3,200000000000000000000
23033722,0xf6e5f402515bb8d1dfce8162142d995b93bfff9347cbda7eca1143ac6a666d59,0xb51d6873ea4e99dc060303e0de66fe2bb82a0530,30000000000000000000000
23033732,0x5cd7ecb9d03077f9ded09cbd97ac6e9e33705a663ad05cef0eda35ea92d4d840,0xb8698cfffdaaf26ca21fe8aa560c18cc2b2f5996,300000000000000000000000
23034251,0xb49492ec0fafb6d349a24f9214e5a8ce2b1836c2f7692c7db1c36f19008385e7,0xb8698cfffdaaf26ca21fe8aa560c18cc2b2f5996,3000000000000000000000000
23034270,0x83c1d624090c3d3df067a6d6aae77e29b74f661753a7bfe0c21917cda67c9162,0x7dbcd65856de880ae24b1713baece30ebd8de51f,374551851001816978109551
23035120,0xca75b1282c84e456c38c1333398feb9b5d2189342cfa4e42b60192f8f3aadf6d,0xb8698cfffdaaf26ca21fe8aa560c18cc2b2f5996,3000000000000000000000
23038039,0x5947524e9521fb0541e4f0641bef11a3d12e0aa2e344e73aade316d8db6a70c8,0x7dbcd65856de880ae24b1713baece30ebd8de51f,57507548998183021890448
23041605,0x48efd9e52ab15839de86f533c81aeb989f04cfb443e5753e8bda94bdfbfea7cc,0xb8698cfffdaaf26ca21fe8aa560c18cc2b2f5996,91000000000000000000000000
23041920,0x1f2bb4b6ce505aee46caedb75be62056132a1a9a9eba71ecdf13609df1e90486,0xc108f4fce4c4d26159ad5d393bb8718e16374df3,500000000000000000000000
23044787,0x8efd089524962a96f101d1dcbf41f22999c040afa48287387f5b5718f0693301,0xcb4e93a6cfc48be56f11a8b55f0921cab913ca8b,10000000000000000000
23044867,0x8ac6907910564a8ff1ee2aaf47ccfcb3d50c1ea68c5bd783c633a4b4dd354e5d,0xfa50f97fe5ed19ec0c2f6711e77c0f5eaf9ba90d,1000000000000000000
23044881,0x215d4fa76206b48d66a54daf2e41648995763fd093891773e494556a9c7a94be,0xfa50f97fe5ed19ec0c2f6711e77c0f5eaf9ba90d,152440883673938173134959
23050022,0x78bf5c0209c2edca2e2897f93d9ddd325a16a5bf54dcae4c4031f1896675e243,0xc108f4fce4c4d26159ad5d393bb8718e16374df3,282193730000000000000000
23050561,0x90e0f085f5e1d4d54d32e012cc9105a35044776d4e1941c7a2af61773c19b146,0xbc59e60c7a5ff73a7ad44f0ff775db25f29ca62e,191331046525615690454991
23053993,0x1848b94723370de4d4cd2af29fddcf73cb438e2e1641709b403c1d4f7023d362,0xb8698cfffdaaf26ca21fe8aa560c18cc2b2f5996,35000000000000000000000
23054011,0x482379a0b4a04ee6a84d536922e3fbc8a5e889ffb53aef20b3d124627648698c,0xb8698cfffdaaf26ca21fe8aa560c18cc2b2f5996,35000000000000000000000000
23057730,0xcf36977aba482af8f0587c9e8d9aba49551f1244180cd371cc28e9259caba83d,0x592139a3f8cf019f628a152fc1262b8aef5b7199,1000000000000000000000
23057734,0x0df68d41b39b61bc29444b08c7ad2cd4ea2429df3d6beb86552ad17c4dfe12d7,0x592139a3f8cf019f628a152fc1262b8aef5b7199,10000000000000000000000
23059352,0x73934e04ca5417283d485d9443ae5ad5a9dddb9d09b36e2b14c6013b5797fe32,0x18f621662d6a1f23700ea32d146b32195dc33111,54086100000000000000000
23059457,0xb2a2f1c03a37f5875a354479fdda1175b6ce921819e336044776f7348562396f,0x592139a3f8cf019f628a152fc1262b8aef5b7199,1000000000000000000000
23059971,0xa52bb13675f1659e5cfd0085e53f959d3d2cd697e4a3091b4dc6318b85048451,0xb8698cfffdaaf26ca21fe8aa560c18cc2b2f5996,20000000000000000000000000
23060906,0xb8aceda9415cfadff32086b162ae8731e33a197919f440e8fbe3ee7709c33ea8,0x18f621662d6a1f23700ea32d146b32195dc33111,5599459443369597292637
23060996,0xf26332b2722a6f039388d793ec88ec6d3b5d54d6da337f22af004d482c09b3d9,0xb8698cfffdaaf26ca21fe8aa560c18cc2b2f5996,4000000000000000000000000
23061917,0x59bdd112f1802775b5f4d3e610acf25272603ff6c8c379eaef8876fff3b8251c,0xb8698cfffdaaf26ca21fe8aa560c18cc2b2f5996,4000000000000000000000000
23062745,0x7c5c555af40f087a5e630e406e45d1b12659f55eeb2be06abb11c300b76643f5,0x18f621662d6a1f23700ea32d146b32195dc33111,74750000000000000000000
23062858,0x2e2fb833342146c0456b5dd1f3809260dc118b4fc8af9e6cc85001d008782104,0x18f621662d6a1f23700ea32d146b32195dc33111,15250000000000000000000
23062936,0xc7fcc8e611c6360c1ac0904f67bb4c30399cc15ec972cbf5450c419b9104fb68,0x18f621662d6a1f23700ea32d146b32195dc33111,43297286317603511725165
23063305,0x81147d7233d3f10c77b6ec43455d053117362de7898fea29303f0f32d9194530,0x18f621662d6a1f23700ea32d146b32195dc33111,16202713682396488274835
23063339,0x5a09df50a63b5a923f128b0aa7fe02fd6ea253f0284e12eda587ff730e2ab0c2,0x18f621662d6a1f23700ea32d146b32195dc33111,15250000000000000000000
23063859,0x3cc0765a0987a72c4da19cf68cf5b9c448ccbaf5104c13664b2c6134d183ceb8,0x18f621662d6a1f23700ea32d146b32195dc33111,58547286317603511725165
23065401,0x1c46a35c956e05c621e78542d5c854664ef3e530b721bb1168c883c57880211c,0xfa50f97fe5ed19ec0c2f6711e77c0f5eaf9ba90d,10000000000000000000000
23066339,0xf74ce67359926e23687394f214629d6ab2811b2b4895677ea308ec3763099c24,0xb8698cfffdaaf26ca21fe8aa560c18cc2b2f5996,4000000000000000000000000
23068164,0xa2f6f01332c20be093fedf113c2a30143dbc16133d9202e4b87ca45d445aed1c,0xb8698cfffdaaf26ca21fe8aa560c18cc2b2f5996,13000000000000000000000000
23068271,0x315e925b367215d0763c711eb4d160eb7898f3f3c3a99cfc6fad357623f50b08,0xb0f0aec199375c5031ade27a7c24c757a544d711,555555555555555555555
23068312,0x64cffd7eb0d477146e3cef07be7515299251fbe6134ef61b983ba2356e6de01d,0xb0f0aec199375c5031ade27a7c24c757a544d711,251153242950106878009266
23074678,0x23221177016180336f0cc31324a5f284ead7c8baafd9bf41bde5d5fccfa3e0d2,0x592139a3f8cf019f628a152fc1262b8aef5b7199,4000000000000000000000
23074721,0x0d858dbadc26fc6d09b7e9df1b49d11fb207528b764e9bb687cad49f4ef65ef5,0x592139a3f8cf019f628a152fc1262b8aef5b7199,100000000000000000000
23081471,0xb5ed68a7c5072a3a805c8586beb0a99b6ca1085d2d43b608ddd9ec7f09d67134,0xb8698cfffdaaf26ca21fe8aa560c18cc2b2f5996,5000000000000000000000000
23089052,0x14d9727dc1c1d7e9062cafdf1be7b87415c79715e41bda983322d1149214959c,0x592139a3f8cf019f628a152fc1262b8aef5b7199,2000000000000000000000
23091288,0x300f4df66049dbfca5198390d0c79b53cebb8cdaf94b517f47ee82be6979f166,0xb8698cfffdaaf26ca21fe8aa560c18cc2b2f5996,15000000000000000000000000
23091991,0x1d84a03f070487aa873c4ae3178f60954536f8142e3f957a5be582d9978c87d3,0x592139a3f8cf019f628a152fc1262b8aef5b7199,20000000000000000000000
23094094,0x2bd901c808c39cb224bdf27c1bd7a31615239db5a8283757886e3b97d57ff762,0xb8698cfffdaaf26ca21fe8aa560c18cc2b2f5996,100000000000000000000000
23094472,0xdbefdc04e9cc86097ffbaf2fa5aaee5fc5c0dbb5eddc4f5c607fa8fabbf27157,0xfa50f97fe5ed19ec0c2f6711e77c0f5eaf9ba90d,50000000000000000000000
23094993,0xbab8d70be5f3594061c46e8dce58d3e32259cc462ef59115da896defab231a32,0xb8698cfffdaaf26ca21fe8aa560c18cc2b2f5996,500000000000000000000000
23094997,0xaaa82533d20cb8cc460ed79554aec06c531bb64ccd849b40ac7134b9a3f37fa7,0xb8698cfffdaaf26ca21fe8aa560c18cc2b2f5996,333000000000000000000000
23097034,0xcc8a866215c211357de8771895f48d0c21c7426244822d7333cefa39ef41ea7f,0x592139a3f8cf019f628a152fc1262b8aef5b7199,500000000000000000000
23098189,0xf202ad4cc50413df822355945dbe7ea8ba7de5f2e17db0b36a1d0b483f44c017,0x37de86e4f1fc419553a2d71ebcade01cc2d55216,1
23099602,0x0940ee39b0e87ee64b379aeca5cfe6fd0d0dde6deb247a9eb8a8d56362abc0c5,0xfa73313622a7dcc25409ed18e7e522798da516c5,350000000000000000000
23101398,0xabe9cd45f67ee0e7a76ec901b7e0d21076afff77fd54f31a519c62b912a80ea0,0x11ba31b11cf18b16b7aab882f0cfbd30c90b9fa5,2958971924622059729491212
23102065,0xaa587aa1d98e1e13e0b86e1a6e6344750eea61d996c8e93f9dd0015a5fda5e6d,0xfa73313622a7dcc25409ed18e7e522798da516c5,87499000000000000000000
23102066,0x3974ec1603e6275b7050c80d9300a2c561863a1e515c22d794bb06816f844cb7,0x11ba31b11cf18b16b7aab882f0cfbd30c90b9fa5,3586701882818687492003
23102126,0x70a53e5e9eb1de89ad69aae43e6fa853ab3a091c73d6b8ea3186c9fbec087592,0xd5e05648fb4236b70cb0899a87721a845f4f8e2e,83912703117181312507996
23102922,0x08041bca97a0d762b88b061b721766821c67a155eddec08edf7a4941ef99b396,0x11ba31b11cf18b16b7aab882f0cfbd30c90b9fa5,3500000000000000000000
23102996,0x358fa76012d3f1e20f90535dd5318e5217e4cbe4b57a2c51a046e7d83e1195fe,0xb8698cfffdaaf26ca21fe8aa560c18cc2b2f5996,13000000000000000000000000
23103287,0x1b2303172d8c113839360010e61442abd0fc4fbaa670a00c6134e1d9a1c9e004,0xc108f4fce4c4d26159ad5d393bb8718e16374df3,1000000214070333458311
23104179,0x395be578cad79cd0a07fe1deb085c3b448c6e4949786c4ff93d6da1ee80be9cd,0x18f621662d6a1f23700ea32d146b32195dc33111,111681984288065881968198
23104222,0x5e009249aef5ab73454f6ed243c7b0494f18305067dabcde0f43360e44052086,0x11ba31b11cf18b16b7aab882f0cfbd30c90b9fa5,358071977571493015804
23107232,0x4a1b1691d804e055bf6bb64fcf209c3df5e0e4fc45bf1de8e2cd777f33d52c31,0xd5e05648fb4236b70cb0899a87721a845f4f8e2e,334876758585188528114040
23111278,0x3ba072ab61af1542fbc2f7ef40936d6c067e8bd599e83b7d5560c0265e99a2d3,0xb8698cfffdaaf26ca21fe8aa560c18cc2b2f5996,20000000000000000000000000
23114306,0x9e68fd2654d1ab1c6be52002494d4c9439d80856a4af41c7ec13606b93c74f13,0xf76d18458f4c5f0fafdb07a05e648d3f82ad1e38,100000000000
23114373,0x62b9bde513ae83419bff9a610c34e864e5df6f7f505617bad0cdc2002e97bf91,0xf76d18458f4c5f0fafdb07a05e648d3f82ad1e38,900000000000
23115925,0x44bf5b22f0d03c9d7a0da58423ea25fbbd0121214eb12d0e67ab6c011c8ab12b,0xdbd06475af15f2b889952ab2343af8b6e7a51b80,500000000000000000000000
23116064,0xc58bdb800317a59695c93d439b7564cee2f5b23e378dda01afbbc559bdbce04d,0xdbd06475af15f2b889952ab2343af8b6e7a51b80,500000000000000000000000
23116103,0x560a7f928cd935934d7886751c2a14eddf8e705be4de2844875e5f65a7fec75c,0xdbd06475af15f2b889952ab2343af8b6e7a51b80,500000000000000000000000
23116131,0xd1737cf3c2762f00c7b94caf935379f4b7d5a118abecbb6ab045bbd545e89ff8,0xdbd06475af15f2b889952ab2343af8b6e7a51b80,500000000000000000000000
23116169,0x938bca884418950517560f83427211ada45c7243148be1f197678d1da9c58d25,0xdbd06475af15f2b889952ab2343af8b6e7a51b80,500000000000000000000000
23116260,0x95050aacdba08635bf91f74b9dc68fc1d1fac28b5301573bc0bc7c7cb7971645,0xdbd06475af15f2b889952ab2343af8b6e7a51b80,500000000000000000000000
23116581,0x2b1a3aa7809b3f8aefae41b6c7fb677e38408f1834d11cdd89008ec9677b1d03,0xdbd06475af15f2b889952ab2343af8b6e7a51b80,500000000000000000000000
23116617,0xa572d8257a42d65ebf0b4fb0b0674dd17b516110b168e374a8d3296ec528825b,0xb8698cfffdaaf26ca21fe8aa560c18cc2b2f5996,11000000000000000000000000
23116642,0xcb04d153c47fbdd2a86af1cfb361f675f46e96a92dfee3def30fbb36a325697d,0xdbd06475af15f2b889952ab2343af8b6e7a51b80,500000000000000000000000
23116674,0x66fa2978589a6aa9935dc4cc15228b975fc3689eb0d8f84b1a21ed649092496c,0xdbd06475af15f2b889952ab2343af8b6e7a51b80,500000000000000000000000
23116739,0x029d7c6c2064a537bf4b781f1f1c673fa12a04507fe1eee5bf27467cb5ba5b6b,0xdbd06475af15f2b889952ab2343af8b6e7a51b80,500000000000000000000000
23116771,0xac7931139287f6c2f69475f52674358363897506a52de12bcfa94ea3e0247471,0xdbd06475af15f2b889952ab2343af8b6e7a51b80,500000000000000000000000
23116784,0x8b21ccbf05c8774da795adf57383c26228e1a2abc94fbecfff92577908dc1410,0xdbd06475af15f2b889952ab2343af8b6e7a51b80,500000000000000000000000
23116850,0x2df6b17d65ec83f5539d534489085d4a4485c24f1dfdc5a7b5010089f409f234,0xdbd06475af15f2b889952ab2343af8b6e7a51b80,500000000000000000000000
23116938,0x46648f9e639f19bd79133969f3b6d399f2af743335b056d9fa8aca3102d4fcfd,0xdbd06475af15f2b889952ab2343af8b6e7a51b80,500000000000000000000000
23116970,0x1d3f644f44f981b9e098ecfb9689a0680d035f22458b1ecdb410768ca0987121,0xdbd06475af15f2b889952ab2343af8b6e7a51b80,500000000000000000000000
23117062,0xc94881dbb93d8528b03217fabfe5f7811422796f5e04fd26871b9f8c9d455676,0xdbd06475af15f2b889952ab2343af8b6e7a51b80,500000000000000000000000
23117076,0xf647a0a371d366e9d0bc704be06d0dd501b7640eb72995b1b2c3a5a739c52120,0xdbd06475af15f2b889952ab2343af8b6e7a51b80,500000000000000000000000
23117092,0x6c064723b0cf374fcbcd54d21e41a978cafd67bbbb3885d167fe57a98b8eb086,0xdbd06475af15f2b889952ab2343af8b6e7a51b80,500000000000000000000000
23117106,0xcb031d6fa957d18d42fb710aa2872a2a2d82e1e670983f9627c7c85baf87c15c,0xdbd06475af15f2b889952ab2343af8b6e7a51b80,500000000000000000000000
23117161,0xfee994815502bf3038eecf20d71140d675c8c3b4798fe204542215d2a35c1382,0xdbd06475af15f2b889952ab2343af8b6e7a51b80,500000000000000000000000
23117413,0x99a579a4df98db22380366770bb10988d72ee9cdd26a3a64765ff73cb9cb15ca,0xb8698cfffdaaf26ca21fe8aa560c18cc2b2f5996,3700000000000000000000000
23117418,0xa2913b7f0bc534dca33a23b48ecb13b36f0626447a5c69bba80af282b2a77c08,0xdbd06475af15f2b889952ab2343af8b6e7a51b80,500000000000000000000000
23117446,0x70279d807c477562513fa43002c35e8a169d68566b8f7f6ead711f6b3245022e,0xdbd06475af15f2b889952ab2343af8b6e7a51b80,500000000000000000000000
23117458,0xa17c0394e042eea5492382adc939ef31515ac8db02ce898c4a5a2a1549f17e68,0xdbd06475af15f2b889952ab2343af8b6e7a51b80,500000000000000000000000
23118773,0x68648545b7fd3b321f1bea8dfbb187d80612df12fa9c753ab95aa38e512d7d61,0xb8698cfffdaaf26ca21fe8aa560c18cc2b2f5996,1100000000000000000000000
23119252,0xe4d7ea3648034aa2a6ffde1ac569659babbe2fceb9e484b61221f78e28c26c7b,0xb8698cfffdaaf26ca21fe8aa560c18cc2b2f5996,4000000000000000000000000
23119735,0x62525cdbcb501fa15cb71d98e867b6652db89db506259c39b2a84596583c9309,0xb8698cfffdaaf26ca21fe8aa560c18cc2b2f5996,4700000000000000000000000
23120168,0x758d1f80c07827e19abaedded83873e3388c0823f5a87ffd2acd6a68b7fbd2ea,0x18f621662d6a1f23700ea32d146b32195dc33111,3118536501189719897634
23120683,0xb08edb0000110b35f8b67ba948a45a3a3fdd5cdcfeb851f23f21d705a2eec2d1,0xb8698cfffdaaf26ca21fe8aa560c18cc2b2f5996,4300000000000000000000000
23121308,0x471cf83f7f6e25632ef7e8f142eb5f7549a1e8d59d091de071d7275bbfeef1e7,0xdbd06475af15f2b889952ab2343af8b6e7a51b80,500000000000000000000000
23121313,0xc8e87b0dd17b898c704ca263162567af4fdb4689a9ac85e7809cd360e3b67156,0xdbd06475af15f2b889952ab2343af8b6e7a51b80,500000000000000000000000
23121320,0x519c53e3fef7be998aee618714401f1ea815afd64a86a97cd5b2134c900a7371,0xdbd06475af15f2b889952ab2343af8b6e7a51b80,500000000000000000000000
23121350,0x74553511c7d5681033c2a6bc188719cae06f6c39767d58f89b82be292e89225e,0xdbd06475af15f2b889952ab2343af8b6e7a51b80,500000000000000000000000
23121357,0x4d3189da990b97293f88f7037a66f9f8e134b03bffdfda850b5144d8390fc105,0xdbd06475af15f2b889952ab2343af8b6e7a51b80,500000000000000000000000
23121362,0xc305f4cc75e25c85a814d786b562639072423d7f0ee68f24ce48b6fc2f43806e,0xdbd06475af15f2b889952ab2343af8b6e7a51b80,500000000000000000000000
23124527,0xb47b05ff5cb90b229f5d0bc04746591f9c0ac866ce454d3383e0e75a36e1e6b1,0xdbd06475af15f2b889952ab2343af8b6e7a51b80,500000000000000000000000
23124539,0xed3756d6aae4cf1ef37af3ac8d08c5de5aeaa568fa9e915caca56c40488155d3,0xdbd06475af15f2b889952ab2343af8b6e7a51b80,500000000000000000000000
23124553,0x0b7e577bb8ee47a5950dc270f6314bd5fb08a6c4eed7f5e83026358419bd2632,0xdbd06475af15f2b889952ab2343af8b6e7a51b80,500000000000000000000000
23124561,0x6973733d0ab457fd62cc96a80394d4cb3cf416308d3c068318f8cb1e4d9b2d28,0xdbd06475af15f2b889952ab2343af8b6e7a51b80,500000000000000000000000
23124567,0x8e247b4cff9b97dd94f44b65bdcc4486b630c8fc3ba8c0fe5749030d4528a2fb,0xdbd06475af15f2b889952ab2343af8b6e7a51b80,500000000000000000000000
23124577,0xb7ffed270235936c88d85b89bcd001fa5f4e4aaffa12ee37608c5993ab0e43da,0xdbd06475af15f2b889952ab2343af8b6e7a51b80,500000000000000000000000
23124600,0x18e328ae1e74d244b38a379188404f82372d2b64c6f0a3caac82d3d293a79df5,0xdbd06475af15f2b889952ab2343af8b6e7a51b80,500000000000000000000000
23124623,0x330501672e3e3ccbede1319741d8098ffd02e038ca23d9f3d09349df4681f45a,0xdbd06475af15f2b889952ab2343af8b6e7a51b80,500000000000000000000000
23124638,0xba84a3a7e59f8f509255fa052079594bc68e3c17192e4bc200819de21640df8b,0xdbd06475af15f2b889952ab2343af8b6e7a51b80,500000000000000000000000
23124653,0x8ca24930788ef54335c644f52cbdb3f4ae9b1d5c9bb2809ea1ca1ddf5880e853,0xdbd06475af15f2b889952ab2343af8b6e7a51b80,500000000000000000000000
23125235,0xb231f2fc28925f37845151f0263eadfe4fcc268d49bdc0eed42b7dfd3a4f40cd,0xfa73313622a7dcc25409ed18e7e522798da516c5,1000000000000000000000000
23125238,0x6e38a35dfded389d28f00e374d5bad7457b1f77af4a97a099d20c8e026f169cd,0xdbd06475af15f2b889952ab2343af8b6e7a51b80,500000000000000000000000
23125365,0x0049582d4671cf3bb0cc042e5599e685a657864b8f3cb67658375db260952e85,0xdbd06475af15f2b889952ab2343af8b6e7a51b80,500000000000000000000000
23125379,0x98b397530453312cbe67a8da39af0e93c6220bee62a4f4877bfeb90ea694609e,0xdbd06475af15f2b889952ab2343af8b6e7a51b80,500000000000000000000000
23125495,0x7d973346828b31e78ea30a5293be8a3342cea1acc3fe5af420cde86c00d4f009,0xdbd06475af15f2b889952ab2343af8b6e7a51b80,500000000000000000000000
23125524,0x70071828675f37ea0cd3985684fa6a2a2cd9af28d25c787a1b231cb7b9d46916,0xdbd06475af15f2b889952ab2343af8b6e7a51b80,500000000000000000000000
23126950,0x8774fa61e79696333552f08c62c136eb06d25a3852da5669e3b84b46814d9e16,0xf76d18458f4c5f0fafdb07a05e648d3f82ad1e38,10000000000000000000000
23128501,0x30f6ec098328685b359170755fe24b2bc42cf2ac72cf6e4f71ab9b69fa1d8e3b,0xc2e275465c4a455c1fcedd8187521d8f3f0bd410,16698993819521332687727
23130005,0x5609b36c287b324ad27aa420f52950d284a1cd5445ac58b1ac42bdc008f43734,0xb8698cfffdaaf26ca21fe8aa560c18cc2b2f5996,2900000000000000000000000
23133890,0x0d188fa27cd930f6c4ec5aa87bb1cd9309f3d2ff4bbe249ba8364b0fb9928476,0xb8698cfffdaaf26ca21fe8aa560c18cc2b2f5996,4600000000000000000000000
23138953,0x6161fc9f439245a87b6373bf71980f6b99b0d3c8410d7cce661b7ada5f985e9c,0xdbd06475af15f2b889952ab2343af8b6e7a51b80,500000000000000000000000
23138960,0x59b4f5430cd8c0698eb8941af9bd5e1ff7592074ffa9910aa236c93d10072bad,0xdbd06475af15f2b889952ab2343af8b6e7a51b80,11168292270424087726999518
23139343,0xbf07ac13b7a250a2eb6230ff957100b169ace2935b581d339c2fdfe01b7f41f7,0xdbd06475af15f2b889952ab2343af8b6e7a51b80,0
23140025,0x7a12562963064f9ca5620ae60f97e5263fe10bd816b5296a51271dff659a2526,0xfa73313622a7dcc25409ed18e7e522798da516c5,1000000000000000000000000
23141524,0x484866d08313ca85596fd72ef27f76b0cf26745ff5b1aca531e5994c0a20b996,0xb8698cfffdaaf26ca21fe8aa560c18cc2b2f5996,2500000000000000000000000
23141559,0x88dba06b069d2205b404a715f2ccd99ac9746530f9d8076f5358bf3991e59635,0xb8698cfffdaaf26ca21fe8aa560c18cc2b2f5996,300000000000000000000000
23141647,0xe69538eef60388cf66b5b3f4018db72b24ba90ca9e4d2ec14fa9382ac100a600,0xb8698cfffdaaf26ca21fe8aa560c18cc2b2f5996,200000000000000000000000
23141670,0x645d297404ea2c411d6978e808e76702b47c3b7655df007d6871878788579182,0xb8698cfffdaaf26ca21fe8aa560c18cc2b2f5996,14000000000000000000000000
23143243,0x3a4e756b1802e73769e8dfd30e6c89d494514891b710a5c67a8c3e28906b94bf,0xd5e05648fb4236b70cb0899a87721a845f4f8e2e,0
23143263,0xab448a0c540864ffc01b04b9d5d31c5dc39fa106d9dc24eebf0bdddbf84d96c7,0xc2e275465c4a455c1fcedd8187521d8f3f0bd410,711518667797046983703394
23145655,0xbf81e4c6bd5a4148eb76cd1333bfa2650513fea85416bb884aaf3eb58bca0dc3,0xfa50f97fe5ed19ec0c2f6711e77c0f5eaf9ba90d,589535705206580671072605
23149699,0x84e81b1f7d6280af4c7fe51c8e9f6da9c0cfe311586bf8b28fed2daa2524ef97,0xdbd06475af15f2b889952ab2343af8b6e7a51b80,1000000000000000000000000
23149741,0x7c4f40df05f01aa7b93ac071926c8cf1a2acad0320223922dd050eff231b52b9,0xdbd06475af15f2b889952ab2343af8b6e7a51b80,1000000000000000000000000
23149813,0xa3a2f09dc5260dc7a60994d197fb2726222d60b9ec308fe419990e67239e0b72,0xdbd06475af15f2b889952ab2343af8b6e7a51b80,1000000000000000000000000
23149857,0x3c6e90749ef7fca74f4cd34c7e742d443c40edfcae82f11dedbaa8fcd9a0cecf,0xb8698cfffdaaf26ca21fe8aa560c18cc2b2f5996,2900000000000000000000000
23151005,0x43363b27dd733d499fed5e5a6a26b976e3dc8a063b6ccc356f522253b337544f,0xfa73313622a7dcc25409ed18e7e522798da516c5,600000000000000000000000
23151090,0x413a69c5bebae0eaba67dee0758b120c22506c2f0f8087454e20d3ea009967aa,0xc2e275465c4a455c1fcedd8187521d8f3f0bd410,391465250021779161133603
23157110,0x7fab97b2057fd53758c6ee42ada5092a04e05dd5b75a22c8bca66825758f8449,0xdbd06475af15f2b889952ab2343af8b6e7a51b80,10000000000000000000000000
23157438,0x9511c140059156ad674e58576614b5b2c91f88d0a34e6a71b288999f59f82b00,0xdbd06475af15f2b889952ab2343af8b6e7a51b80,13000000000000000000000000
23157542,0xe329dd20869df6473cdf23b0761a5ec8fb21a692fe4b628adaffa7b725bf7d53,0xb8698cfffdaaf26ca21fe8aa560c18cc2b2f5996,2300000000000000000000000
23157879,0x9b4b4e0185b3a197591c599a2d0049bc02367df1ae7c9e615fe8686b7d995dc3,0xc2e275465c4a455c1fcedd8187521d8f3f0bd410,629495141185046102661698
23157916,0x89380e388ff72fadadd9ff4ff5c851f34097e8d0d9bdd19d3b1804ca7a5c7219,0xc2e275465c4a455c1fcedd8187521d8f3f0bd410,346955847175677086562
23158041,0xf1f5d867f490caa63ea7805143f293246a7f8f86bd99159e30c208c25c35a188,0xb8698cfffdaaf26ca21fe8aa560c18cc2b2f5996,7183645000000000000000000
23158412,0x44c0d348a83d3a3a2b946fc4a1f90bac5bca04cd9e7cd6e684195ecb93591eeb,0xdbd06475af15f2b889952ab2343af8b6e7a51b80,1150000000000000000000000
23158417,0x312c24ad84974487d046a0e36effba065595d18ac257c3ae65b5794cc8ce4e95,0xdbd06475af15f2b889952ab2343af8b6e7a51b80,11500000000000000000000000
23158905,0x1fbed5def4c7eef5450443eeb660dee0254bdfc3904cc5aac5c887624cb61d81,0xb8698cfffdaaf26ca21fe8aa560c18cc2b2f5996,4103645000000000000000000
23159025,0xdc517281b0f0f7ed3c841ff8bbd22c80f8befdc4c6ef90ab4effe757d053fa21,0xb8698cfffdaaf26ca21fe8aa560c18cc2b2f5996,2503645000000000000000000
23160159,0x8d2a3c18dae6f87253ef33889bca79be7fc3f3b4dfaa18d48e45f7b806f5dbfb,0xdbd06475af15f2b889952ab2343af8b6e7a51b80,1000000000000000000000000
23160166,0xfcd0137c0412931d73301beb44a0d2f43607a494e4e5cad3dfd915365d7eec63,0xdbd06475af15f2b889952ab2343af8b6e7a51b80,1000000000000000000000000
23160177,0x57ba79ab20d46a752166da4468a20ef91255bf92e4a7f3f17de7355b43ccf744,0xdbd06475af15f2b889952ab2343af8b6e7a51b80,1000000000000000000000000
23161998,0x41bfa25a6018207c97174400e10cf43c40ef90738ef6bf089aae9643cffe4d91,0xfa73313622a7dcc25409ed18e7e522798da516c5,260000000000000000000000
23162974,0x8832615f9bdda98fc14dab88884286be4544572a9b4c112ca8563aa3978d2af3,0x719973dade51893419b51b1dd44914744317c0b0,1005847175677086562
23162988,0xadfdd814c35d83408bafa67022f2a446a5ad4c1f488a4d938b34b21b324b91f3,0x719973dade51893419b51b1dd44914744317c0b0,30000005847175677086562
23165622,0x591d8b8085d78e1c786bb8d351cb913094f8e0c142df9b6cfb8b0cfd76531acf,0xb8698cfffdaaf26ca21fe8aa560c18cc2b2f5996,4500000000000000000000000
23165770,0x319ba9b2277a8ebd6e4e134ff82f7abc97b9d2bec452895dda164da5886bc675,0xdbd06475af15f2b889952ab2343af8b6e7a51b80,1000000000000000000000000
23165800,0x9f7c4e1c34d0cb5ab5aa3c56e717533b844a6779eeb8fb6992ce75b6b3049250,0xdbd06475af15f2b889952ab2343af8b6e7a51b80,1000000000000000000000000
23165845,0xc7e14498a6e26191c0a8434d524ec20efcd17fa80923a6f478e146f2d5d82cad,0xdbd06475af15f2b889952ab2343af8b6e7a51b80,1000000000000000000000000
23165899,0x3e48d56c3e89486c4c62b6b365f6b3781680349758bad8b50268b8eb140990b3,0xdbd06475af15f2b889952ab2343af8b6e7a51b80,830000000000000000000000
23165927,0x433201c8a4bbd3e88f3b5fe6a26356e4102ab0c897e874da0cdf986f50d3ad63,0xdbd06475af15f2b889952ab2343af8b6e7a51b80,915140000000000000000000
23165944,0xa7eabec25e70fe31fb04476262c2683a9908d422e683526ca30e62e3877cfb3f,0xdbd06475af15f2b889952ab2343af8b6e7a51b80,831670000000000000000000
23165963,0x46d3085b17793d0eaf5abc7129f7ce73d92ea640686c29b13ef14a047302b863,0xdbd06475af15f2b889952ab2343af8b6e7a51b80,842306000000000000000000
23165977,0x654b8bc0d6dccfadbf8c39ccf9967424edb70e23390acc201ac177e59c2fdf80,0xdbd06475af15f2b889952ab2343af8b6e7a51b80,881246000000000000000000
23166040,0x0a92fcce124a9999ab1b94e97aefca2a2ba02e55ab1872a29c3d9c25cfdfa85e,0xdbd06475af15f2b889952ab2343af8b6e7a51b80,2000000000000000000000000
23166227,0x037a77be16d9e125557ebf284d57a633243d50b676ea64a1c550dc1d4bd77b9b,0xb8698cfffdaaf26ca21fe8aa560c18cc2b2f5996,5900000000000000000000000
23166403,0xe49bdf02e7e8caca3f97e16fb68455924f0ffa29da5188d9839427e257591a9f,0xdbd06475af15f2b889952ab2343af8b6e7a51b80,961616000000000000000000
23166496,0xc9363354ff745dcafc76b3ec67acc6d1f04e20918717516427c96aedf16a2fc3,0xdbd06475af15f2b889952ab2343af8b6e7a51b80,817461098000000000000000
23166510,0x171a5ca22fc9962a5f19d9d72edde57f74818177d7d8ed743eeadb9f4ff24ef7,0xdbd06475af15f2b889952ab2343af8b6e7a51b80,942140280000000000000000
23166539,0xc60420f8684919ee735bbda824be535f4738b405c552703c99947b6f34447609,0xdbd06475af15f2b889952ab2343af8b6e7a51b80,960400739944869329092393
23167075,0x08464a7b040c5fb725c49939622fc80598f083499a7a45256de050f2f648a2bc,0xdbd06475af15f2b889952ab2343af8b6e7a51b80,986342070000000000000000
23167131,0x84e91c49a61cf3056e074f7215e4f3205ce9d81ae429ab691cb03a82d161e119,0xdbd06475af15f2b889952ab2343af8b6e7a51b80,818155388000000000000000
23167304,0xcc1d5fbde73572ec503d4854767a483d7e559c4461436a04439eb246ba5a1483,0xdbd06475af15f2b889952ab2343af8b6e7a51b80,824396488000000000000000
23167931,0x0a96c248a2fdfc71592a26a495b51781e5257c34b8e456a3d296115cf0c05604,0xb8698cfffdaaf26ca21fe8aa560c18cc2b2f5996,2500000000000000000000000
23168445,0xddd165656c0bffe2bf18114f2783e63bbe3d00c289148fb40a57742a021f537c,0xb8698cfffdaaf26ca21fe8aa560c18cc2b2f5996,2900000000000000000000000
23168700,0x6c362b153bf0a9b4389608ec4321b8d71e4ad81d34c4b30e92eab351cec5bd28,0xdbd06475af15f2b889952ab2343af8b6e7a51b80,849158436000000000000000
23168721,0xce1e2477eabdd3f31f35d8620e0ca9897a4c558ff1780fbdba7564423aa43105,0xdbd06475af15f2b889952ab2343af8b6e7a51b80,877604122000000000000000
23168851,0x8b433979e03092731faba3507349b2dad5256a6750a4e651e35ee2e6923fa44d,0xdbd06475af15f2b889952ab2343af8b6e7a51b80,994802160000000000000000
23169109,0xcd7a0ccadd048c98a5483eb2e0b650161f6a6e73df5abedf553ce02ca0c255fd,0xdbd06475af15f2b889952ab2343af8b6e7a51b80,817241728000000000000000
23169115,0x5753001a77f794e465205862129035195bd4cbcca533a15052b7cdfa10a61add,0xdbd06475af15f2b889952ab2343af8b6e7a51b80,984493534000000000000000
23169139,0x5608788a924ffdb09e6a8551a2a9eb49a0303bbaa4c8f751eb33363dc9a21db0,0xdbd06475af15f2b889952ab2343af8b6e7a51b80,874555242000000000000000
23169187,0x75005ddba3e4129756262d2446d3528ad4c3d95d850a726d7d7a3d9f0a472544,0xdbd06475af15f2b889952ab2343af8b6e7a51b80,912450314000000000000000
23169194,0x2c556e15383c7c67b7f52bad88a17e3a74098856146cd5eb69cd56f57712e783,0xdbd06475af15f2b889952ab2343af8b6e7a51b80,877282992000000000000000
23169206,0xfb5d9199f69731174ad7e1d75a0f85cd09deafa145a473e88a0ece8c7c4c8557,0xdbd06475af15f2b889952ab2343af8b6e7a51b80,986322986000000000000000
23169260,0xcec73497e07dc56c8b27ab12d78250827dfc86061ab0c6375ba25418ace45ff7,0xdbd06475af15f2b889952ab2343af8b6e7a51b80,910642518000000000000000
23169542,0x99610f2a8987306d21e46b6da70452c471273c969dce649d769653908cc23881,0xdbd06475af15f2b889952ab2343af8b6e7a51b80,929805566000000000000000
23169549,0xfb0f51bb8fe55771cfd937519dcbb62fe969564d72b6af59195a3eeb5cf25354,0xdbd06475af15f2b889952ab2343af8b6e7a51b80,923713930000000000000000
23169570,0x9b6e3d87cf636de3061c1175eee050f97c6ba6328a09de43bc5e94d607518f6f,0xdbd06475af15f2b889952ab2343af8b6e7a51b80,953976258000000000000000
23169577,0xdd156d54d708746fd73732237eec5319babe6a872985e317034fd7e469c6eec8,0xdbd06475af15f2b889952ab2343af8b6e7a51b80,986030468000000000000000
23169591,0x3aaaf178c3fc4c348f06abb0005c32b820c04a12fe42d94472786efa79c72241,0xdbd06475af15f2b889952ab2343af8b6e7a51b80,870943004000000000000000
23169649,0xef7eac584c38c3770f7753fe56ea862982760d987e106dd30553037c653e57b7,0xdbd06475af15f2b889952ab2343af8b6e7a51b80,936942358000000000000000
23173437,0x53298de310b35a5a6671692b6adbe6e8af47021a713426240e7f893e3870ed2d,0xdbd06475af15f2b889952ab2343af8b6e7a51b80,834159824000000000000000
23173446,0xde56d4f5aefd22613ffc6fcb6c92f5ca07ca78e3b94c4a9132194052563ba46b,0xdbd06475af15f2b889952ab2343af8b6e7a51b80,903463778000000000000000
23173452,0x7a8a3cfa3e40f6049cf701962d2673fb369311a1f1ef4d0a559983a44ab42601,0xdbd06475af15f2b889952ab2343af8b6e7a51b80,889896154000000000000000
23173466,0xa4d7c11747b7035b074271b76f6492ce2670d8f7e38c0adef3db78a155577713,0xdbd06475af15f2b889952ab2343af8b6e7a51b80,976428816000000000000000
23173486,0x6996235786d8570d00181877c687364bb9da8a1c26bed1c4a3f055d3b49f693d,0xdbd06475af15f2b889952ab2343af8b6e7a51b80,942266078000000000000000
23173493,0x24514cfb9d4d6102b86558c24350d45e61eb37ea3dbebe250cf30f2c0ac479f4,0xdbd06475af15f2b889952ab2343af8b6e7a51b80,809170328000000000000000
23173503,0x147f72000347737749d9dafa84fa73acb658956285c9f339763688dd841738b4,0xdbd06475af15f2b889952ab2343af8b6e7a51b80,846841172000000000000000
23173509,0xd13e387f06eae962691309fc79f232461b4d6438ae98bb30a148c2b6d7cf0a72,0xdbd06475af15f2b889952ab2343af8b6e7a51b80,997063308000000000000000
23173530,0xbb662a142bce6a113dcb79e1eb7a9d43d11570faa160396e0d39ac7ecc523208,0xdbd06475af15f2b889952ab2343af8b6e7a51b80,885896258000000000000000
23173547,0x0a662643073b1534ba778fa45302c04e0f8d54022e7aab63cd28f2d11c50a62b,0xdbd06475af15f2b889952ab2343af8b6e7a51b80,904754918000000000000000
23173553,0xe263939c883ede2a6dfa19238cb245a630c9a2f061a9e338bf7eec6feaa19fc0,0xdbd06475af15f2b889952ab2343af8b6e7a51b80,842243356000000000000000
23173572,0xc0f874445346c505b0ad174dc7ba4e07658d66c314d80753436f7fe1e0e19e42,0xdbd06475af15f2b889952ab2343af8b6e7a51b80,983540830000000000000000
23173580,0x8a38ee9059ce5fd1df1b0eb51504ba217e031324ad7564f0eef98618f071d470,0xdbd06475af15f2b889952ab2343af8b6e7a51b80,846014264000000000000000
23174956,0x36fa4bc05f97288573ef8b2107048e35d45e9d43cce07a23551a214ff7a61ce4,0xb8698cfffdaaf26ca21fe8aa560c18cc2b2f5996,1340000000000000000000000
23175002,0x8c6ada72ba85de513b9e533e87f4549eeb87eedd9fb372ebe56766a82eaaa079,0xb8698cfffdaaf26ca21fe8aa560c18cc2b2f5996,12000000000000000000000000
23175384,0x69374a06a5c17a55fa85e45635eb84d0671ef19422585ff1fa881d2db0573a7e,0xdbd06475af15f2b889952ab2343af8b6e7a51b80,941052350000000000000000
23176492,0x62323171311610fd6a1b85fc77b9b8261349d146920b3d0d7b63528f161fd06d,0xb8698cfffdaaf26ca21fe8aa560c18cc2b2f5996,7500000000000000000000000
23176845,0x668086fe8db8b296593afd9307eda036fe7949b2affdb4288ad8d1a8d91c7fe5,0xfa73313622a7dcc25409ed18e7e522798da516c5,647000000000000000000000
23180027,0xae9bcc9fa470f5685a4304306b73cea9ad7a623a586cd448385972c4b43fd7fc,0xb8698cfffdaaf26ca21fe8aa560c18cc2b2f5996,1000000000000000000000000
23180028,0x5b41df173c673694b788a5e2c2c544284dcb9aa4020f9d155d8fd8dfb8a0217d,0xb8698cfffdaaf26ca21fe8aa560c18cc2b2f5996,3000000000000000000000000
23180032,0xa51f0c4414acf0e267fe3273318e49012430db668fda7c68333bce4182aa6514,0xb8698cfffdaaf26ca21fe8aa560c18cc2b2f5996,1000000000000000000000000
23180076,0x1692e6b06f7a82d97b2e16be84e5245dad63ab38bc5bfe25e621c62a941e3205,0x4bb1c4f2d6b8ccec3894b96470a66cf878ad303c,670000000000000000000000
23180199,0xe33ea0833f00b6b1174b33196453795b895c1236acfae89296864a81bbfab8f9,0x4bb1c4f2d6b8ccec3894b96470a66cf878ad303c,670000000000000000000000
23183344,0x71bdec7bccd18d1953c47b23834d02e1291ba251ee0fedf9ac65cf572209bf1f,0xfa73313622a7dcc25409ed18e7e522798da516c5,368000000000000000000000
23183429,0x3c86f26ea4311c7c0f5f82803f230edfff687d622bf0883577648a0500f99106,0xb8698cfffdaaf26ca21fe8aa560c18cc2b2f5996,6000000000000000000000000
23186808,0xe5eac79b110a22779cc9deea2775dafd28ef7100433487e634abe299e8b619aa,0xdbd06475af15f2b889952ab2343af8b6e7a51b80,946767018000000000000000
23186824,0x35b6cd647d813ae4942134873ded88664a7e3eeda2e733223e2cf2568210d56a,0xdbd06475af15f2b889952ab2343af8b6e7a51b80,948934120000000000000000
23186834,0xcc38dbcd50d21585c246c16d62c9db8fc5cc10e242893a73809d92b189bcc854,0xdbd06475af15f2b889952ab2343af8b6e7a51b80,848431488000000000000000
23186845,0x583b8fb2cc04476d80b3335845097954e80c3748e16d1a2771679c942f43d6a6,0xdbd06475af15f2b889952ab2343af8b6e7a51b80,991492856000000000000000
23186854,0xa47507789ffeba278c44682dfb1a1ca55495391f69458fc688702c36f78c7792,0xdbd06475af15f2b889952ab2343af8b6e7a51b80,843296516000000000000000
23186870,0xf4ccbadf1228e41cede8b7c3f3de4790ba610bef6fc0667877474858f3cec5f8,0xdbd06475af15f2b889952ab2343af8b6e7a51b80,957207072000000000000000
23186928,0x4003f0ffcc1ec8bf3d4028d536ade48b08fd6c2daf6a5ddaa1d035cda8acd35c,0xdbd06475af15f2b889952ab2343af8b6e7a51b80,812685188000000000000000
23186952,0x8714a2a560e78001c3cd4ebbec6de6e416d31819425bf6c899c4f191a7325fbb,0xdbd06475af15f2b889952ab2343af8b6e7a51b80,922537882000000000000000
23186958,0xb86087e0ae099d6daf8adf61308c9b094097392336d2e4270b10482d75d343ef,0xdbd06475af15f2b889952ab2343af8b6e7a51b80,810590160000000000000000
23186968,0x5dc2607e32e7515c8d2d4a16d6b68cab46d91bbbb1523d91985d336a7a3c1579,0xdbd06475af15f2b889952ab2343af8b6e7a51b80,955183912000000000000000
23186983,0xccd9bc05985ea67e5e4791cdbb46e8aedc6f8e22880bd2c9ff295e45a080aa7f,0xdbd06475af15f2b889952ab2343af8b6e7a51b80,980547398000000000000000
23187003,0x22544a6e8618f4fd5c84839acace1702ad9f5e76336f15d02c1cd4bb271ba077,0xdbd06475af15f2b889952ab2343af8b6e7a51b80,923613602000000000000000
23188237,0x123978b04c96e433bf6e9b7dc352c2434a992c50b3095e2bb9841d2c57f9f3cb,0xfa73313622a7dcc25409ed18e7e522798da516c5,370000000000000000000000
23190790,0x886f686851dcbf3018f2037bbc82502dfc8d72ff914782a6069b0fbcf73daf44,0xdbd06475af15f2b889952ab2343af8b6e7a51b80,822016386000000000000000
23190793,0x9e489713ee713721aa0e1d52b26727e07547dec09f92298a61e0426c7fb4e8be,0xdbd06475af15f2b889952ab2343af8b6e7a51b80,991657890000000000000000
23190803,0xc7496b29c2b326a162419e3cc7aae23286982da0673e79a844499958353b21c5,0xdbd06475af15f2b889952ab2343af8b6e7a51b80,885343686000000000000000
23190807,0xc736e7de11de9d1766b5a525565d0f07b910eb08f16e39e2a79a9046a185fb3e,0xdbd06475af15f2b889952ab2343af8b6e7a51b80,847458094000000000000000
23190826,0xfd9a30a3d28649761fed15448cd8350faaec95ef42604777e99e2c847eebe65a,0xdbd06475af15f2b889952ab2343af8b6e7a51b80,859189548000000000000000
23190845,0xbff12aac028411775326ccc523b06ecbe7c5b23e637b59fd48c25061251c1603,0xdbd06475af15f2b889952ab2343af8b6e7a51b80,946530964000000000000000
23190864,0x2c2ab87c4241bd811790c229afafa5da5915ced3e625af21c1952717718c3bbd,0xdbd06475af15f2b889952ab2343af8b6e7a51b80,865010322000000000000000
23190872,0xd1937186c1a36785c275d30205150a8b9e77f6dca66e32b01439843f380a0219,0xdbd06475af15f2b889952ab2343af8b6e7a51b80,983760970000000000000000
23190882,0xab8f91d1719cdf859d9297bfbdbcc18cfe366219eff18b737ffb97ee13116ee9,0xdbd06475af15f2b889952ab2343af8b6e7a51b80,914422650000000000000000
23190892,0x20548b93cbedf09413fcd59b6560199537d7cc1d1bd64a62dde8c6b427ba6b60,0xdbd06475af15f2b889952ab2343af8b6e7a51b80,838463682000000000000000
23190900,0x9a184ff7c88b936d401438af12836d93f60fa6eea0bf64f4b859a215f2f06292,0xdbd06475af15f2b889952ab2343af8b6e7a51b80,972023102000000000000000
23190913,0x8aa47758515a7c027ae1444271e4e28afddb1608551a2618e12f5c8b26fb483b,0xdbd06475af15f2b889952ab2343af8b6e7a51b80,900869454000000000000000
23190930,0x8f32122b06fdfcf92a599895e72bd210de2b964d3b03ef80dc38c8616c56b25c,0xdbd06475af15f2b889952ab2343af8b6e7a51b80,839497506000000000000000
23190942,0x925bef466142673c5cf1cb9ef3f34a7d5dbfcf3f8437ce16ebb5b2f6db336e94,0xdbd06475af15f2b889952ab2343af8b6e7a51b80,950890672000000000000000
23190960,0xe6e29334833c8343400fa646abc93d2ad5bedb853aabc26be59ec224aff31c04,0xdbd06475af15f2b889952ab2343af8b6e7a51b80,972514446000000000000000
23190963,0x7bff10d01ce0efd74d5282ebacbbaa0e1e2519acd1d8caa1cb0379d8a7a7ad63,0xdbd06475af15f2b889952ab2343af8b6e7a51b80,862979440000000000000000
23190966,0x7cbdb209869b2e5532be1b8e04cceafd33d0a44d82ac108476b44672e1b0b55e,0xdbd06475af15f2b889952ab2343af8b6e7a51b80,874035116000000000000000
23190972,0x7aa81c8d82094f4b4a550e69936b24812e8dbcd922e29ec82d1c7324945ae3ca,0xdbd06475af15f2b889952ab2343af8b6e7a51b80,870167990000000000000000
23190982,0xb54d19f26c85ee263c3591f9535d1e13043816b53d193372190206425a794864,0xdbd06475af15f2b889952ab2343af8b6e7a51b80,894519832000000000000000
23190986,0xba358bcbcaa74a19ae1769b430bb96d9a3ff5579fab9d98b9311db984baf1c9d,0xdbd06475af15f2b889952ab2343af8b6e7a51b80,873033224000000000000000
23190989,0x7bed31b555bed35ee60f8bddc438870162b9ca82e588157631372af2a6718be8,0xdbd06475af15f2b889952ab2343af8b6e7a51b80,983834608000000000000000
23190992,0xdc7a9b7b1f99d59f37e5d473dcbbd180706b25c4c4f53706afcf57a59ce51a07,0xdbd06475af15f2b889952ab2343af8b6e7a51b80,952417444000000000000000
23190996,0x527fe242f39f01a597b13dba928fa00f8a077f3520b63345a6d04485841adfc0,0xdbd06475af15f2b889952ab2343af8b6e7a51b80,929189134000000000000000
23190999,0x691491548ba07802268c52b25afb39beb644b389c9717656333501db1e160faa,0xdbd06475af15f2b889952ab2343af8b6e7a51b80,997254246000000000000000
23191008,0x771ba19ae108922200fe3d23cc9c13d069e7832d50941205b3130c6d9a74d6b4,0xdbd06475af15f2b889952ab2343af8b6e7a51b80,914836044000000000000000
23191012,0x3e9c82669c3a9275434a0f5b85a5fb02c6bfc5cee55e54da2597e098d49831fc,0xdbd06475af15f2b889952ab2343af8b6e7a51b80,1889067636000000000000000
23191015,0x8ebc0b89d7fe94630f4934482bdec3ccc77a411cfbbec344e4c7d74ffd14319f,0xdbd06475af15f2b889952ab2343af8b6e7a51b80,1944052422000000000000000
23191021,0x00caad08764576a7d219529a18646b67bb6e4ba341b6c54fb7bca06b2fec0f4f,0xdbd06475af15f2b889952ab2343af8b6e7a51b80,975161818000000000000000
23191029,0x6c9fa8e72b822aa18f033a3424b6fc6377d126860e4a62362e8166d0efa21cf9,0xdbd06475af15f2b889952ab2343af8b6e7a51b80,1951549308000000000000000
23191032,0x7074a7e17e6d63eede826570f0ff1179ec4f57e74139381c23e132e2c17af9ac,0xdbd06475af15f2b889952ab2343af8b6e7a51b80,1881683482000000000000000
23191036,0xfe803bd55f46ac3c5b9765ead3990534dece98e3cdfe72f3732d1d53dc66100e,0xdbd06475af15f2b889952ab2343af8b6e7a51b80,1640543572000000000000000
23191043,0x86c825f5cad1341536f470983ffdffe88bc3acb611b41c9686df73cc4afc4553,0xdbd06475af15f2b889952ab2343af8b6e7a51b80,1771954632000000000000000
23191047,0xb4a3885ece3188fd3165aab61108f901cbb30be932a34dcebf2eb43a4c41b895,0xdbd06475af15f2b889952ab2343af8b6e7a51b80,1709868762000000000000000
23191051,0xdb2fb81b76642445c2e22a6572549a592c33af513cfa5bc63e2b50657e66d1bd,0xdbd06475af15f2b889952ab2343af8b6e7a51b80,1723851860000000000000000
23191060,0x10e2cb6138ef389777251eb97c2b693e0a6603f1dd00c57f1feae769f49625ca,0xdbd06475af15f2b889952ab2343af8b6e7a51b80,1694989610000000000000000
23192217,0x893fce1206a2c906dd2d35835292715358f09b48dcc2e1a4c8014987d3779133,0xdbd06475af15f2b889952ab2343af8b6e7a51b80,1668483384000000000000000
23192223,0xf66fb1e9e86248482e35767de816b5771522dfbb5b3aacaef134e1f92f3980d5,0xdbd06475af15f2b889952ab2343af8b6e7a51b80,1765610538000000000000000
23192230,0xefcbd63c0bed6c92eff63bcfca9ea4d23f328e090900711bbad80710e0ef8eb3,0xdbd06475af15f2b889952ab2343af8b6e7a51b80,1572324612000000000000000
23194285,0x90dbd69e1c33053c6d18856f71ab09bb5baa13931b2ceb8269998f7b804b94dd,0xb8698cfffdaaf26ca21fe8aa560c18cc2b2f5996,8500000000000000000000000
23195649,0x4d100d9b019201b4a425a9c48c5fb44b3700b2b8415e6097c5dd2607774ae59e,0xc2e275465c4a455c1fcedd8187521d8f3f0bd410,715970136280293713950715
23204461,0x1d5920acf5f5d7ddeeddbb9c4036e55140892c6875c9bef860cdb7704530a51d,0xfa73313622a7dcc25409ed18e7e522798da516c5,1400000000000000000000000
23204707,0xfd0ed122e89d43151aab99d5f0d0d612c5319c852718f2851ddd9e878df48208,0xdbd06475af15f2b889952ab2343af8b6e7a51b80,1730193168000000000000000
23204723,0x8c53d734429237d989daa7f86356727030b93374914d63beb0d71c7308c2d3d6,0xdbd06475af15f2b889952ab2343af8b6e7a51b80,1641816936000000000000000
23204738,0xef1be673c9ac27da8990ff12f17bffc12493c5f3865c9d1dedbdc30ff1276216,0xdbd06475af15f2b889952ab2343af8b6e7a51b80,1711964830000000000000000
23204769,0x3bf4a34e2589d598623dab10e335f2d91c772121e157c0929281848f95456ca9,0xdbd06475af15f2b889952ab2343af8b6e7a51b80,1679468254000000000000000
23204796,0x2ac7158c53fde72be204ec306bf9b8c0ecbb5721085339cba92944d6a0bd2335,0xdbd06475af15f2b889952ab2343af8b6e7a51b80,1657486438000000000000000
23204834,0x3acfdf432bb08db71466501d4325fc6f887d05413a900126a357265e6de68a8f,0xdbd06475af15f2b889952ab2343af8b6e7a51b80,1641972110000000000000000
23204856,0x4f84c1b9466ce20c3aa7742aa0e5e40ac985d8743ea22b4b9f7c2533207bc44d,0xdbd06475af15f2b889952ab2343af8b6e7a51b80,721752197000000000000000
23205756,0x2ea3ffa5e96b163313a5867df71ff7ddbab2519a532d95033e7c2ca54bd7f264,0xdbd06475af15f2b889952ab2343af8b6e7a51b80,925594002000000000000000
23205772,0x877896d0217f6d04e1fe7dea5d5db2e56430eecf30de363ca502d763e62c0a73,0xdbd06475af15f2b889952ab2343af8b6e7a51b80,999111282000000000000000
23205789,0x9ec1cc166602ee7aea4f16c1dc097d0d2f3c0759619777bd815cd8d480803a72,0xdbd06475af15f2b889952ab2343af8b6e7a51b80,987543163000000000000000
23205802,0x124125a607f63c925d846eb24fafab614c09d269dee825db7f48f4c9cd1e253f,0xdbd06475af15f2b889952ab2343af8b6e7a51b80,957307389000000000000000
23205826,0xec45cae5f360fefd64f5c488093858a331b68c452e3a85b38a9f92e767c917b5,0xdbd06475af15f2b889952ab2343af8b6e7a51b80,923905072000000000000000
23205848,0x870cf0c2bb509dc12be09e3c877bf92ed5c9c9b0b3151ea48f3a4b4a9be2b088,0xdbd06475af15f2b889952ab2343af8b6e7a51b80,928373644000000000000000
23211440,0x9fc529bcf62da4e8d69a09a7bdf06ccfab41ec5b8a1f912d82a685c5676e09f4,0x18f621662d6a1f23700ea32d146b32195dc33111,5374150230957912751864
23212689,0xc777d40f6b81d2160b90419ca7f0608275df4524f53524a082c718675dcd4d71,0xdbd06475af15f2b889952ab2343af8b6e7a51b80,100000000000000000000000
23213719,0x729d1a4eeacca1dd2fa492e6c22efa4e8c3b1d4b80785f0c80d6176d16b2a3ae,0xc2e275465c4a455c1fcedd8187521d8f3f0bd410,724953322579523467479911
